Datetime,Username,Text
2021-11-29 23:49:58+00:00,even_mandalika,Ya begitulah ğŸ˜Œ @ Tabanan Bali https://t.co/JgzKpQisXK
2021-11-29 23:22:45+00:00,BumnRutengHebat,"Sobat BUMN,

Presiden Jokowi didampingi Menteri BUMN Erick Thohir telah meresmikan Sirkuit Mandalika di Lombok pada Jumat, 12 November 2021.

#JokowiErickBangunMandalika https://t.co/xtggCa8O5M"
2021-11-29 23:10:30+00:00,detikcom,"Suksesnya WSBK di Sirkuit Mandalika jadi motivasi TGUPP DKI, Bambang Widjojanto dukung Formula E. BW mengatakan Pemprov DKI ingin contoh kesuksesan WSBK https://t.co/ZSjHWpusFu"
2021-11-29 22:55:39+00:00,gratificat_no,@RD_4WR1212 @suroto_to75 Balap mandalika gada kumpulÂ²..? Hah
2021-11-29 22:32:58+00:00,Foodef11,"MotoGP | Â¿QuÃ© podemos esperar del Mandalika Street Circuit? https://t.co/P8CRRfhlPC
#f1 #formula1"
2021-11-29 22:22:21+00:00,Embunpa01390476,@Muflihu82916962 @KompasTV @aniesbaswedan Lu kira sirkuit Mandalika gk ada masalah.hw yakin klo kok periksa pasti ada korupsi n buang2 anggaran..noh sirkuitnya banjir lambe lu mingkem...ada jg noh penduduk yg blm kelar ganti ruginya msh tingal ditengah sirkuit lu jg mingkem.otak dipakai mikir BKN cm buat pajangan
2021-11-29 22:22:18+00:00,Ersat_Arema021,"Dimana2 event kelas dunia yg terangkat ya nama NEGARA penyelenggaranya.
Asian Games di Jakarta, apakah nama Anies yg terangkat?
WSBK di Mandalika, NTB, apakah nama Zulkiflimansyah yg terangkat?

""SMA mu dimana?"" https://t.co/uAeehpOdMr"
2021-11-29 22:15:02+00:00,motorlat,MotoGP | Â¿QuÃ© podemos esperar del Mandalika Street Circuit? https://t.co/WxJ1wSLtPh
2021-11-29 22:02:31+00:00,iwanbanaran,[HOT] Media asing sebut Mandalika surga baru bagi WSBK !!Â Yesss https://t.co/GHXjtXDBPW
2021-11-29 21:35:09+00:00,voidotid,"Menteri Pariwisata dan Ekonomi Kreatif Sandiaga Uno mengatakan keberhasilan penyelenggaraan World Superbike (WSBK) di Mandalika, Nusa Tenggara Barat (NTB), pada 19-21 November dapat menjadi refleksi dan dasar untuk persiapan jelang MotoGP 2022. https://t.co/lSyeJ3P39W"
2021-11-29 21:27:45+00:00,trieva051,"@Muflihu82916962 @KompasTV @aniesbaswedan ngomong sama kentut, itu Sirkuit Mandalika dan kereta apai Cepat itu pa ngga buang2 anggaran Bong ğŸ¤£ğŸ¤£ğŸ¤£"
2021-11-29 21:08:11+00:00,LlKaspul,@iKomal143 @Dr_RabiaNoor12 @sabach60 @SadafKhan124 @DrMariaKhan4 @dr_sairakhan @RumaisaCh41 @PTI_Queen_ @AzK9201 @Sb__0987 Indinesia lombok mandalika sirkuit ntb.
2021-11-29 19:52:48+00:00,halamandepan_id,@detikcom Pakai sirkuit mandalika apa gak bisa bos... Ajang Formula E.... Maaf bila âŒ
2021-11-29 19:13:15+00:00,NikiTuuli,"Feeling when you survived Monday ğŸ¤ª .
.
Have a great week all ğŸ¤™ğŸ».
#NT66 @ Mandalika International Street Circuit https://t.co/9s0M6GQZs7"
2021-11-29 19:09:00+00:00,DimazPrada,@FahmiHerbal Omdo doank bela teroris tp dirinya ga berani jadi pengantin pdhl jelas tiket surganya murah dibanding tiket nonton balap WSBK atau MotoGP Mandalika. Berani ga tuh ? ğŸ˜ªğŸ˜ªğŸ¤§ğŸ¤§ğŸ‘ğŸ‘
2021-11-29 18:27:33+00:00,BraapTalkin,Paddock Pass Podcast Episode 254 â€“ WorldSBK at Mandalika https://t.co/CPhmLWMD94
2021-11-29 18:21:42+00:00,Spy_Zone85,"@ABSetyono @PlateJohnny Seperti yang saat ini sedang kita lakukan dalam penyelenggaran World Super Bike, dan pada saat Moto GP Mandalika nanti disediakan juga jaringan backup. Begitu juga dengan event internasional G20 Summit.
@kemkominfo"
2021-11-29 18:21:14+00:00,priillybiee,"@ABSetyono @PlateJohnny Seperti yang saat ini sedang kita lakukan dalam penyelenggaran World Super Bike, dan pada saat Moto GP Mandalika nanti disediakan juga jaringan backup. 
@kemkominfo"
2021-11-29 17:48:23+00:00,arifinpribadi,@pengarang_sajak Biar mereka bunuh2 an bayar 500 milyar atau masuk penjara Dan siapa yg bayar  ....gitu Aja . Tinggal @jokowi ambil setelah beres pindah ke mandalika . Selesai masalah . Kl mau tetap Di Jakarta one about jadi tersangka dulu.  Gue mau tahu siapa yg mau rugi demi Indonesia .
2021-11-29 17:40:51+00:00,detikcom,Kabar gembira datang usai gelaran WSBK Mandalika. Pariwisata Lombok mendulang banyak keuntungan dari ajang balap tersebut. https://t.co/5QMG9eQe8Y
2021-11-29 17:34:28+00:00,antika56893672,"Ngotot belain wanabud ğŸ¤£

BW ke KPK Urus Kasus Formula E: Mandalika Sukses, Sini Juga Harusnya Bisa https://t.co/QqcYmlZVoP"
2021-11-29 17:13:53+00:00,arifinpribadi,"@pengarang_sajak @KPK_RI @DKIJakarta Balikinlah , kl sepeser nggak balik ya one about masuk bui ....demi Indonesia Dan keselamatan sendiri ya balikin ....formula E diambil alih @jokowi diselenggarakan Di mandalika . Masalahnya mrk nggak mau balikin ...Dan membayari even ini Di mandalika krn pemenangnya @jokowi"
2021-11-29 16:38:48+00:00,heidy_mandalika,@keyflinns Welcome to dunia typu typuğŸ‘
2021-11-29 16:33:07+00:00,LindaSaibi,"@FajarHi77302994 @NyiMasRuminah @FerdinandHaean3 Ke gayaan lu bilang argumen itu baru sebagian gua keluarin prestasi presiden gua drun masih banyak LG kasian ntr lu malah makin kejang"" ğŸ˜‚ğŸ˜‚ğŸ˜‚ mentang"" Mandalika sukses anus pengen nemuinn presiden gua eh di tolak ngaku nya gk pernah ğŸ˜‚ğŸ˜‚ pihak istana aja ngomong kalo mau KTMğŸ˜‚"
2021-11-29 16:23:40+00:00,arcanesuns,@Koranzepeto Juago dong next ke sirkuit mandalika aku
2021-11-29 16:23:04+00:00,martabakkeu,@convomf Apalagi kalo lupa masih di gigi 4. Kan loading dulu yak. Org org mah dikira sirkuit mandalika kali ah
2021-11-29 16:02:37+00:00,M_ImamJ,@rizkiweka @TweetVespa Siap gass mandalika ğŸ›µğŸ’¨ğŸ’¨ğŸ’¨ wkwkwk
2021-11-29 16:02:30+00:00,Zeta1352,@Untung51440057 @LoneWolf2447 @GeiszChalifah Ilmunya bani bipang ya begini niii. Mandalika anti banjir ğŸ¤£ğŸ¤£ğŸ¤£. Surut 30 menit ğŸ¤£ğŸ¤£ğŸ¤£ https://t.co/p3NnMN4fzU
2021-11-29 16:02:14+00:00,AvicennaHafizh,untuk strasbourg laporannya sedingin balesan dm mu https://t.co/dnKTOMNb2X
2021-11-29 16:00:10+00:00,AvicennaHafizh,deff https://t.co/Yireule9ZH https://t.co/mgYiS4bDz9
2021-11-29 15:57:18+00:00,kuatbastanta,"@pengarang_sajak Aneh ah.. 
Menurut saya, formula e tidak berpengaruh apa apa di Indonesia. 
Masa berpatokan ke balapan ga jelas? 
Udah ada patokan kok. WSBK dan motoGP di mandalika. 
Lagian, siapa yg berbuat, dia dong yg bertanggung jawab. 
Masa si A nyuri, si B yg bertanggung jawab?
Ga lucu ah."
2021-11-29 15:54:26+00:00,GapensiL,@__AnakKolong Cangkeme Bambang sempat sempate ngulik Mandalika.  Juancuk tenan
2021-11-29 15:49:57+00:00,SINDOnews,"6 Dampak Ekonomi Balap Motor WSBK Mandalika, UMKM hingga Hotel Raup Untung

 #Sindonews #BukanBeritaBiasa .https://t.co/YwJNlFCQOp"
2021-11-29 15:39:53+00:00,BNurvia,"@NinjaCir3ng Ga cebong ga junjungan kerjanya mnghayal bikin hoax mlulu ...mn mau balik ke mandalika bong ..sukses itu ka

Mana mau balik lgi bong... ga junjungan ga pndukung bikin hoax aja ..mau bersaing sama formula E ya..."
2021-11-29 15:37:49+00:00,_____kingAJ,"@republikaonline @corbuzier ngerti g sih setelah mendengar penjelasan dari Anies?? 

Coba tanya ke Presiden..  Pemerintah bayar berapa buat gelar WSBK &amp; Motogp di Mandalika?? 

Jgn bilang Gratisss"
2021-11-29 15:37:21+00:00,Khaerul_Umam__,"Sukses menggelar IATC dan WSBK, kini Sirkuit Mandalika Lombok siap menggelar MotoGP dan Formula 1 (F1) musim depan.

Vamos Indonesia!

Video by @rezaardiantori 

#mandalika #mandalikacircuit #wsbk #worldsbk #wsbkmandalika #iatc #motogp #motogp2022 #formula1 #lombok #indonesia https://t.co/J4L98wWmTN"
2021-11-29 15:36:32+00:00,BamNumis,"@detikcom Kenapa sirkuit formula e blm ada, krn akan melihat sirkuit mandalika, yg ternyata tergenang saat hujan, jadinya sirkuit formula e wajib ada sumur resapan,"
2021-11-29 15:36:12+00:00,_____kingAJ,@republikaonline Sirkuit Mandalika bayar berapa untuk menyelenggarakan WSBK &amp; Motogp? ..  jgn bilang gratis... Harus di usut juga tuh
2021-11-29 15:36:08+00:00,chep_ec,"@detikcom Nah kenape sekarang muji2 mandalika,....katenya  banjir...,jelek segalahya deh,...drun...drun pasti ada maunya neh,...ati2 bang KPK...ğŸ¤£"
2021-11-29 15:35:15+00:00,KKampul,"Ktika sirkuit Mandalika dresmikan presiden ada partei mngclaim bhw brsyukur krn Mndlk trbangun  smasa gubernur X dr partai trtentu(sy tulis initialnya sj spy tdk bkin hboh: PKSğŸ¤£)
lalu ada Adr dr partei G mau usul klo F1 jg d Mndlk. Pribhasanya:â€Ayam brkokok siang hariâ€ Btulkah?"
2021-11-29 15:33:29+00:00,Cordovamindpack,"Kok matanya merem...
nggak mandalika ?! https://t.co/tWUupxHMGK"
2021-11-29 15:31:34+00:00,riegoluckyaja,"@Bang_Garr ky na ntu mafia,, jdi sindikat pnipu, ky sindikat pncopet d mandalika yg ktangkep ntu,, bsa jdi bkn 1 org ajj yg ngelola akun na"
2021-11-29 15:31:04+00:00,firman__nurhuda,"@AntonKu62463911 Pertanyaannya , Anggota DPRD yang protes soal Sumur Resapan dan Oposisi pada setuju kagak...? Sumur Resapan sekarang aja diprotes.

Yakin , anggaran tersebut lebih tinggi Dari Formula E dan Sirkuit Mandalika."
2021-11-29 15:23:52+00:00,medcom_id,TGUPP DKI Sebut Formula E Akan Mirip WSBK Mandalika https://t.co/xAbkQT2QBE
2021-11-29 15:23:24+00:00,SePradistya,Cakep banget ni mandalika https://t.co/BSccf72fof
2021-11-29 15:19:14+00:00,LindaSaibi,@FajarHi77302994 @NyiMasRuminah @FerdinandHaean3 Aduhh tolol gk ada presiden dunia lah G20 apaan drun lu yg keliatan tolol ngatain orang tolol ğŸ˜‚ğŸ˜‚ğŸ˜‚ lahh Mandalika siapa yg bikin drun panas lu yaa sukses presiden gua ngadain. Lahh iri lu nyata banget drun keliatanya ğŸ˜‚ğŸ˜‚ğŸ˜‚
2021-11-29 15:17:16+00:00,LindaSaibi,@FajarHi77302994 @NyiMasRuminah @FerdinandHaean3 Gk sesuai bacot lu Kadrun dongo lu bilang gk bisa kerja presiden gua jd jd presiden dunia ğŸ˜‚ğŸ˜‚ sakit mah bilang drun kurang cukup drun Mandalika di lirik luar negri sakit lah ğŸ˜‚ğŸ˜‚ğŸ˜‚ soalnya sirkuit formula ghaib ğŸ˜‚ğŸ˜‚ finish nya di KPK LG ğŸ˜‚ğŸ˜‚ğŸ˜‚
2021-11-29 15:13:59+00:00,growup55272627,@pengarang_sajak buat aturan sementara DKI wilayahnya ditambah mandalika. jadi bisa pakai sirkuit mandalika
2021-11-29 15:08:26+00:00,LindaSaibi,@FajarHi77302994 @NyiMasRuminah @FerdinandHaean3 Kasian amat lu drun presiden gua udh jd president dunia Mandalika sukses drun sampe di lirik Ama raja arap ngadain F1 drun aduhh formula e finish nya di KPK tolol anggaran triliunan sirkuit gk ada pohon di relokasi nama nya gila mana ada pohon di karantina ğŸ˜‚ğŸ˜‚ğŸ˜‚
2021-11-29 15:04:26+00:00,bidoean,knp nda ke mandalika aja https://t.co/byZmZFqcY5
2021-11-29 15:03:12+00:00,AretaRivera,@Gadis_Kampungk @arif_rintang @mang_ib @Even1508 @BPrima777 @4bby5 @SIWE_NDARA @Windawati_90 @LekMarteg @LimaLapa1 @mikuroQ @Babun_Gagar @kong_erte @AbdinagaraRizzi @Lima8Satu @Chishe_wd23 @27_gorengan @langityang7 @B3doel___ @BimsDwipangga @kania_maharanie @18HRS2 @Ande2_Lumut1 @Ikhaamina @diaryku_dia Follow @mang_ib
2021-11-29 14:59:08+00:00,lastri01766952,"@ValeYellow46 Grazie @ValeYellow46 #VR46ğŸ†forever
2022 visit to mandalika, indonesia.."
2021-11-29 14:58:42+00:00,BM_Contractors,@TeddyWoga Boleh
2021-11-29 14:56:51+00:00,MyCatMumut,"@pengarang_sajak Lha kan bayarnya pake APBD DKI. Kalo aku sih maunya di Mandalika aja, supaya kagak ada duit lagi keluar untuk bangun persiapan sirkuitnya. Biar Wan Got kelenger kena kasus bayar fee tapi pelaksanaan bukan di DKI."
2021-11-29 14:54:22+00:00,Mr_69jakarta,"@detikcom Manadlika fisiknya ada dan bisa digunakan berkali2 sampai tahunan...klo FE gimana pak? 
Klo bikin Hotel...mandalika sudah jadi Hotel, FE baru IMB dan mahal pula, gitu bukan?"
2021-11-29 14:51:59+00:00,BM_Contractors,@Maria_Zadina @Mas_Bejo_bae @L1L178 @wiwikherma @Rudiantara110 @kusmanedi @FeroS62733512 @Christ8623 @wiena_kinasih @HarrySoe3 @LRidhoarto @aryaivallyssa Kan udah temanan
2021-11-29 14:51:09+00:00,BM_Contractors,@el_azp @BangJun_93 @meliana_suryati @SriMujiAstuti8 @4MarbleStone @Ernie_es @polres_pacitan @matanya_bintang @PolsekKandat_ @bersatulahnkri Trimakasih ğŸ™
2021-11-29 14:50:57+00:00,BM_Contractors,@el_azp @R21Wid @Iguh_cipto @basuki_puguh @elangperkasa07 @HZuned @Cantika82104633 @brader_akbar @BizgateSetup @Mahardika_2789 @supriyantoezra1 @RickyKardjono @dehadaud Hy semua
2021-11-29 14:49:10+00:00,_thejohan,Check out The Johan's video! #Mandalika #MandalikaCircuit #MandalikaMotoGP #MandalikaMendunia #MotoG31 #WorldSeries #MotoGP #MotoGPxESPN #motogpawards #TikTok https://t.co/0bM5MynZJb
2021-11-29 14:49:08+00:00,HazwanStraight,"@OposisiCerdas Bilang aja ngiri...
Krn Mandalika yg sejatinya akan jdi ajang pencitraan ,diguyur hujan derassssss..."
2021-11-29 14:45:27+00:00,r__u__mine_,"@tubirfess Bukan ngebela Suneo, tapi bicara fakta aja sih, bukannya covid di indo emg udh b aja ya? Udh banyak lagian tempat clubbing,cafe,konser yg ga pake prokes, di jalan aja udh mulai banyak yg ga pake masker, ini konser Marion bola di mandalika kemaren, see? Apa itu prokes? https://t.co/Yuf2nkZSu4"
2021-11-29 14:36:35+00:00,sayasiapayaa10,"@fajarnugros untuk ini bukan di mandalika

https://t.co/eDQskli55u https://t.co/udIZKTQ3al"
2021-11-29 14:32:48+00:00,sudut_ruanganIX,"Nyobain ngetrek di sirkuit mandalika 1 putaran by tom sykes.
Mantul nih sensasinya,rotasi layar hp full screen mode.
Exiting...! https://t.co/XmVThxfdfI"
2021-11-29 14:27:52+00:00,mielkyadwi,"@pengarang_sajak Ya klo memang yg angkat nama Indonesia mngkin bs gunakan aja icon baru Mandalika sirkuit..biar joss sekalian, tanggung klo jakarta. ğŸ˜

Sekalian isi calender event sirkuit baru om.."
2021-11-29 14:21:16+00:00,mewgupilovebot,"@theialusiana KAYAK DI MANDALIKA
https://t.co/AgoxsXe7Dl"
2021-11-29 14:20:19+00:00,Iskandarm1r74,"@ediasmawan @BBerizik @musniumar Anak Sd juga ngerti salah satunya promosi pariwisata
Sama dengan world superbike mandalika kemaren
Kalem aja bong jangan kayak org susah"
2021-11-29 14:16:17+00:00,raidersmarpaung,"Luar Biasa, Pembalap Tuan Rumah Hampir Naik Podium Race 3 Idemitsu Asia Talent Cup di Sirkuit Internasional Mandalika https://t.co/z9xcgt6KxV"
2021-11-29 14:14:52+00:00,mewgupilovebot,@zdkskji KITA BISA MANJAT DINDING KEK DI SIRKUIT MANDALIKA
2021-11-29 14:11:29+00:00,bangzul_ntb,"Bersama ITDC, Pemda Loteng, Angkasa Pura, Pak Kapolres, Pak Dandim, Pimpinan OPD2 Provinsi dan Loteng berdialog dgn Kepala2 Desa sekitar Mandalika..

Insya Allah dgn duduk bersama dan berdialog hangat salah pengertian dan miskomunikasi bisa dihindari.. https://t.co/xoRYo5d60l"
2021-11-29 14:10:42+00:00,firman__nurhuda,"@MieAyamSerang @Ndrews110611 @SahabatSaber @tatakujiyati @FIAFormulaE Yakin , mau mengalokasi anggaran Melebihi Formula E dan Sirkuit Mandalika...?

Nanti Protes kagak...? Sumur Resapan dibawah 3,4 T aja protes apalagi sekelas sumur resapan singapura"
2021-11-29 14:10:05+00:00,before__ten,"Mandalika sekarang jadi destinasi touring baru yang lagi hits. Biasanya yang sering denger cuma Lomboknya aja, atau ke Lampung yuk, atau 0km Sabang yuk, Banyuwangi, Bali, Lintas Sumatera"
2021-11-29 14:10:02+00:00,jo_duakali,@kopidingin_ Itu copet anjir di Mandalika. Internasional mereka
2021-11-29 14:08:47+00:00,hendriprabowo,"@1trenggalek Semoga acara nanti berlangsung khidmat, lancar, &amp; menjadi manfaat.
Aamiin.ğŸ™"
2021-11-29 14:07:01+00:00,bukanfaiss,@Utom0_0 Neng mandalika. Gawe gawang dewe2 soko sandal ğŸ¤£
2021-11-29 14:04:53+00:00,hendriprabowo,@pengarang_sajak Sepakat dah.ğŸ™
2021-11-29 14:01:01+00:00,atr_bpngrobogan,"#repost @kantahkabblora
Reposted from @kementerian.atrbpn Halo #SobATRBPN Kawasan Ekonomi Khusus (KEK) Mandalika terwujud karena adanya pengadaan tanah yang berkualitas.
Yuk kapan kita ke Mandalika Sob!
#ATRBPNKiniLebihBaik
#ATRBPNMajudanModern
#MelayaniProfesionalTerpercaya"
2021-11-29 13:40:58+00:00,jpnncom,"Menteri Sandiaga Uno memaparkan data pergerakan ekonomi selama WSBK Mandalika 2021; serap 1.475 tenaga kerja, okupansi hotel naik 95 persen #sirkuitmandalika https://t.co/2CpoLAWcVt"
2021-11-29 13:40:37+00:00,bagoesz,@KompasTV Saya sebagai rakyat Indonesia udah bangga kok dengan sirkuit Internasional Mandalika dan udah gak sabar menunggu ajang balapan moto GP 2022 di Mandalika. Gak berharap banyak dengan Formula E.
2021-11-29 13:36:07+00:00,kompascom,Video yang menyebut selebrasi pembalap menceburkan diri ke danau di Sirkuit Mandalika adalah hoaks atau tidak benar. https://t.co/gqx4RBj00f
2021-11-29 13:28:58+00:00,firman__nurhuda,"Anggaran tersebut menurut saya gak bakal diloloskan Oleh DPRD , Anggaran Sumur Resapan Gak hampir 3,4 T aja pada di protes.

Apalagi Sumur Resapan Ini Melebihi Sirkuit Mandalika dan Formula E , Emang Oposisi pada setuju...?

Cc: @GunRomli @Mukidioon2
https://t.co/vxc9AEqsbE."
2021-11-29 13:28:57+00:00,firman__nurhuda,"Saya menyetujui Proyek Jakarta Sumur Resapan seperti Singapura menurut saya lebih efektif tetapi mengeluarkan anggaran segitu besar

Anggaran Melebihi Anggaran Sirkuit Formula E 2,3T danSirkuit Mandalika yang hampir 20 Triliun

cc: @tatakujiyati @Dewmor651
https://t.co/x74l70UWe1"
2021-11-29 13:25:47+00:00,pikiran_rakyat,"Bikin Pembalap dan Tim WSBK 'Jatuh Cinta', Media Asing Sebut Sirkuit Mandalika sebagai Surga!

https://t.co/rqisShc8cz 

#pembalap #balap #motor #superbike #wsbk #cinta #surga #sirkuit #mandalika #media #ntb #lombok #olahraga #otomotif #indonesia #nasional #prmn #pikiranrakyat"
2021-11-29 13:23:17+00:00,BM_Contractors,@S4N_W1B1 Iya
2021-11-29 13:23:04+00:00,BM_Contractors,@wisnu_aj1 Bosen
2021-11-29 13:22:59+00:00,BM_Contractors,@DoniGrapher Hmm
2021-11-29 13:18:46+00:00,Warnilis1,"@detikcom Mandalika GP,, dgn F3 nggk bisa di bandingkan broo,, klu F1 mungkin lah sircuit nya di bikinnya di pulau seribu,, mantapğŸ‘ğŸ‘"
2021-11-29 13:17:54+00:00,Itsmeegieee,info circuit mandalika slur !!! https://t.co/Qv4vHtN6Di
2021-11-29 13:14:01+00:00,MandalikaCity,@CRYPTOFIED1 @TekiKola Done âœ”ï¸âœ”ï¸ https://t.co/DsRSoWDKsv
2021-11-29 13:12:26+00:00,MandalikaCity,@FirzaHusainID @firzahusainInc Terimakasih banyak Mbak ğŸ™ğŸ™
2021-11-29 13:11:51+00:00,MandalikaCity,@Buddy17976028 @nazaqistsha Emang si bajak laut pegawai apa sekarang..?
2021-11-29 13:09:27+00:00,MandalikaCity,@JewelCrypt0 Done https://t.co/b5Gz0VNuBP
2021-11-29 13:03:25+00:00,CNNIndonesia,Toprak Lalui Jalan Sulit saat Juara Dunia di WSBK Mandalika https://t.co/ViV15uScVn
2021-11-29 13:03:06+00:00,MandalikaCity,ğŸ¤£ğŸ¤£ğŸ¤£ https://t.co/xazRuQF2ZM
2021-11-29 12:57:16+00:00,MandalikaCity,@FirzaHusainID @firzahusainInc Folbek juga ya akun receh saya ini
2021-11-29 12:54:16+00:00,AimanWitjaksono,"Mereka telah melakukan aksi ini lebih dari 50 kali.

Tak hanya di Mandalika. Namun juga di Batam, Singapura, Malaysia, dan Makau.. Komplotan ini tidak bermodal ecek-ecek terbang menggunakan pesawat dan membeli tiket."
2021-11-29 12:54:14+00:00,AimanWitjaksono,"Faktanya, menurut keterangan mereka, ada sejumlah kelompok pencopet berkeliaran di event balap Mandalika.

Mereka bahkan saling memberi kode agar tak saling mengganggu! https://t.co/7VtLojZRNb"
2021-11-29 12:54:10+00:00,urhuney,Dari jaman kuliah belajar dari ppt ngantukkk banget tp kalo ditulis lagi capekk
2021-11-29 12:54:07+00:00,AimanWitjaksono,"Mandalika memang bukan tempat pertama komplotan copet internasional ini beraksi.

Tangan panjang mereka gesit merogoh kantong para korban. Saat ini, polisi sudah menetapkan 8 tersangka dan diamankan di Polda NTB. https://t.co/cQoi1RGGFe"
2021-11-29 12:54:04+00:00,AimanWitjaksono,"Tapiâ€¦ tunggu dulu, ternyata ada yang mencuri kesempatan dalam kesempitan.. Copet!

Tapi ini bukan copet sembarang copet. Kelasnya sudah internasional! Saya pun menuju Mandalika, Lombok, NTB untuk menelusurinya. Eksklusif! https://t.co/qEyfT1AOUi"
2021-11-29 12:54:03+00:00,AimanWitjaksono,"Tak heran di hari pertama pelaksanaan #WorldSuperbike 2021 di Sirkuit Mandalika, panitia mengklaim kedatangan 15 ribu penonton. Fantastis! https://t.co/qQTsXPZNBg"
2021-11-29 12:54:01+00:00,AimanWitjaksono,"Desa di Lombok Tengah, Nusa Tenggara Barat, Mandalika ini tengah jadi promadona. Rangkaian event balap internasional sukses digelar di sirkuit baru Mandalika. https://t.co/SbLSQWe0Ww"
2021-11-29 12:53:59+00:00,AimanWitjaksono,"COPET ""HIGH CLASS"" BALAP MANDALIKA

Bukan pencuri biasa. Copet ""High Class"", bermodal jutaan rupiah, berkelompok &amp; melintas antar negara.

Siapa mereka?
Saya mewawancarai #eksklusif komplotan mereka.

#AIMAN @KompasTV @kompascom #Mandalika #wsbk https://t.co/2cQvvOynJX"
2021-11-29 12:48:50+00:00,Fauzixix22,"https://t.co/MIJ8DBEOGf

Monitori terus Pak @jokowi dan
Ibu @KhofifahIP. Rakyatmu juga butuh jalan mulus semulus sirkuit Mandalika."
2021-11-29 12:46:31+00:00,ratpurba,"@detikcom Event balap mandalika dah usai sukses. Formula e sirkuit saja nga jelas dimana, yg pasti ada di kpk sihhh. Sama2in ?"
2021-11-29 12:45:31+00:00,BM_Contractors,@Othex6 Akun
2021-11-29 12:45:00+00:00,KompasTV,"Bermodal jutaan rupiah, komplotan â€œCopet Internasionalâ€ beroperasi di Ajang Balap Mandalika. Siapa mereka?
 
Ikuti penelusuran @aimanwitjaksono di #AIMAN sesaat lagi, eksklusif di KompasTV!
 
Streaming: https://t.co/rUTSoY7Gv2 https://t.co/JxkpytANNG"
2021-11-29 12:42:00+00:00,BM_Contractors,@S4N_W1B1 Ho o
2021-11-29 12:41:59+00:00,kantahdelser,"#Repost @kementerian.atrbpn
...
Halo #SobATRBPN Kawasan Ekonomi Khusus (KEK) Mandalika terwujud karena adanya pengadaan tanah yang berkualitas.

Yuk kapan kita ke Mandalika Sob!

#ATRBPNKiniLebihBaik
#ATRBPNMajudanModern
#MelayaniProfesionalTerpercaya
#negaRAhadir https://t.co/TMl9KL68Eu"
2021-11-29 12:41:54+00:00,BM_Contractors,@Othex6 Yaqin
2021-11-29 12:41:48+00:00,BM_Contractors,@renost789 Iya
2021-11-29 12:41:44+00:00,BM_Contractors,@Momozaki_Ren Iyakah
2021-11-29 12:37:54+00:00,thejaxmania,"Dah menduga kalo sirkuit mandalika bakal banyak bgt masalahnya. Ketauan bgt mo dapet duit doang, cuma konsultasi sama org pariwisata dan ekonomi, kaga ngelibatin org2 di bidang antropologi, kliminologi, dan ekologi. Sukur."
2021-11-29 12:30:50+00:00,JBonek1927,"@dsuperboy @samsungID ""Gue pake #GalaxyA22 dgn fitur OIS buat Foto Fabio Quartararo saat melaju dengan motornya di MotoGP Mandalika"" pasti jelas hasilnya pake #GalaxyA22 kamera 48MP dg fitur OIS nya https://t.co/nYF6frLN2m"
2021-11-29 12:26:25+00:00,JohnnyTheBoyyyy,@detikcom Ide tebang pohon di Monas mau kau samakan dengan Megaproyek Sirkuit Mandalika? Ngaco!
2021-11-29 12:24:00+00:00,BM_Contractors,Pingin ganti admin
2021-11-29 12:20:07+00:00,JBonek1927,"@dsuperboy @samsungID ""Gue pake #GalaxyA22 dgn fitur OIS buat Foto Fabio Quartararo saat melaju dengan motornya di MotoGP Mandalika"" pasti jelas hasilnya pake #GalaxyA22 kamera 48MP dg fitur OIS nya pasti #Awesome"
2021-11-29 12:19:38+00:00,SuaraPemerintah,"BUMD di NTB Buka Jasa Sewa Heli Nonton Balapan di Sirkuit Mandalika

@AriefMunajad @purnama_rijal @bumnbgkhebat @erickthohir 
#Indonesia #BeritaTerkini #BUMN 

https://t.co/wY4Lfu0cNA"
2021-11-29 12:19:27+00:00,JBonek1927,"@dsuperboy @samsungID ""Gue pake #GalaxyA22 dgn fitur OIS buat Foto Fabio Quartararo saat melaju dengan motornya di MotoGP Mandalika"" pasti jelas hasilnya pake #GalaxyA22 kamera 48MP dg fitur OIS nya"
2021-11-29 12:17:28+00:00,MolenDomba,"@JakaPrana12 Mandalika bikin kenyang apanya? ğŸ¤­ğŸ˜‚ğŸ¤£ğŸ’¦
Sama2 event balap internasional ini..semua banyak yg dapat untung bosku..kenyang kok pilih kasih ğŸ˜‚ğŸ¤­"
2021-11-29 12:15:11+00:00,putucangkiriku,"Pk Jokowi gk perku ikut cawe2 FE jg sdh terkenal..ngeresmiin sirkuit Mandalika aja sdh  mendunia, baru 1 event tuh super bike..apa lg klo sdh digelar  moto Gp , trus nyusul F1..kadrun auto kejang2.. FE msh kalah ama moto Gp dri segi penggemar,tim pabrikan bsr d FE udh pd cabut.."
2021-11-29 12:14:11+00:00,LombokPolres,Polres Lombok Tengah Bersama Kodim 1620 Menggelar Patroli Show Of Force Dalam Rangka Cipkon Paska WSBK Mandalika 2021 https://t.co/GMkB8uxaWt
2021-11-29 12:13:36+00:00,Argo00449750,"Tidak mau kalah !!! Stlh sirkuit Mandalika lombok tengah jadi &amp; di coba, serta sukses unt WSB tingkat dunia, *tdk mau kalah* si ontadungu ga' bener  merancang desain sirkuit di tngh kota yg dihuni 58% wrg nya yg jg dungu,  *ini grand design lintasanya* yuks kita liat bersama. https://t.co/KrthApkr0I"
2021-11-29 12:12:53+00:00,KRT_WorldSBK,An incredibly entertaining first race saw @jonathan_rea demonstrate all the pace and fighting qualities that have made him a six times World Champion. His Race One victory in Mandalika came after a performance full of commitment and determination @worldsbk https://t.co/5EEUo3uKlb
2021-11-29 12:12:45+00:00,LombokPolres,Polres Lombok Tengah Bersama Kodim 1620 Menggelar Patroli Show Of Force Dalam Rangka Cipkon Paska WSBK Mandalika 2021 https://t.co/jmNOCfVnqs
2021-11-29 11:59:32+00:00,Restbest2,@detikcom Mestinya ngotot aja Formula E sukses mandalika nggak sukses
2021-11-29 11:55:12+00:00,detikcom,BW membandingkan Formula E dengan ajang balap di Mandalika. Menurutnya penyelenggaraan Formula E juga harus sukses seperti Mandalika. https://t.co/stAG4oHefE
2021-11-29 11:53:19+00:00,stupx69,@unattr4ctive ke mandalika dlu ga sii https://t.co/8zDHBHMpsm
2021-11-29 11:43:54+00:00,jawapos,"Di Gedung KPK, Eks Komisioner Sebut Formula E Jakarta Bisa Sukses Seperti Superbike Mandalika https://t.co/h6eJkhrVdQ"
2021-11-29 11:43:08+00:00,hahaji_dap,@txtdaridgmbk Hmmm...gassken
2021-11-29 11:39:30+00:00,hahaji_dap,@elkrova Wkkwk densi dicatot
2021-11-29 11:36:06+00:00,IDNTimesNTB,Lokasi di sekitar Mandalika https://t.co/zm8F6GJtAs
2021-11-29 11:32:24+00:00,gunturvans,Pawang udan mandalika &lt; mbah Mis ğŸ˜¬
2021-11-29 11:30:48+00:00,BiBoyemare,Kapolda NTB Minta 17 Catatan Segera Diperbaiki di SirkuitÂ Mandalika https://t.co/xCQuW9rOnJ
2021-11-29 11:28:20+00:00,PANDHITADHYASA1,"@putucangkiriku ... dia ngiler ngecez lihat KESUKSESAN WSBK Mandalika 2021, makanya kelihatan memaksakan diri ingin FE ini ditangani dia dgn restu p Jokowi, sehingga Bangsut ini bisa minta bantuan Menteri2 p Jokowi utk dijadikan  bala bantuan agar sukses penyelenggaraan FEnya kelak"
2021-11-29 11:27:03+00:00,JakaPrana12,"Formula E gak bikin kenyang, beda kalau dengan Mandalika bosku ! https://t.co/7g7WY3uIpu"
2021-11-29 11:26:57+00:00,BiBoyemare,"1,5 Hektar Lahan di Mandalika Dibayar, Warga EbunutÂ Gembira https://t.co/Go8F6YtVMi"
2021-11-29 11:22:26+00:00,hahaji_dap,@RamliRizal Banyak juga yagh buzzer2nya RR..wkwkkwkw
2021-11-29 11:19:19+00:00,hendriprabowo,@MitaWullur Bantu-bantu lambungin promosi biar laris... ğŸ˜ŠğŸ˜Š
2021-11-29 11:18:52+00:00,medcom_id,120 Rumah Warga Terdampak Sirkuit Mandalika Rampung 2022 https://t.co/zyUkMgpgsf
2021-11-29 11:15:47+00:00,BiBoyemare,Marc Marquez Isyaratkan â€œCome backâ€ Mengaspal diÂ Mandalika https://t.co/IYuCe5FDZz
2021-11-29 11:08:06+00:00,Aqut061,"@GarengHallu Setelah Bamsoet mengalami kecelakaan dan akhirnya Cara berfikirnya Mengalami masalah 

Indonesia Ini Sdh sangat terkenal Dng Pelaksanaan Balapan JP Di Mandalika Tdk perlu Dng Formula E yg entah Jd atau Tdk itu"
2021-11-29 11:05:00+00:00,gIoriyosa,@raysctria @filonameia Di Sirkuit Mandalika?
2021-11-29 11:05:00+00:00,KompasTV,"Ikuti penelusuran @AimanWitjaksono bertemu dan mewawancarai langsung komplotan â€œCopet Internasionalâ€  yang beroperasi di Ajang Balap Mandalika.
 
Selengkapnya di #AIMAN malam ini pkl 20.00 WIB, eksklusif di KompasTV!
 
Streaming: https://t.co/rUTSoYphmA https://t.co/hbTUVOnqKN"
2021-11-29 10:56:58+00:00,Chimy9cityyx,@prctiu Ke Lombok liat sirkuit MandalikağŸ˜„ğŸ˜„ğŸ˜„
2021-11-29 10:55:52+00:00,synyster_81,"@_MbakSri_ Lebih parah kerennya lah, di daerah sy ada circuit namanya pertamina mandalika street circuit"
2021-11-29 10:55:07+00:00,CNNIndonesia,"Toprak Juara WSBK di Mandalika, Impian Redding yang Jadi Nyata https://t.co/JpJ36Ny4Vy"
2021-11-29 10:45:28+00:00,adhikaryaID,"Selain punya sirkuit baru yang kemarin menjadi ajang World Superbike 2021. Kini, Mandalika mempunya tempat wisata baru, Sobat.

Wisata ini ialah Bypass Mandalika. Jalan ini merupakan jalan tanpa hambatan yang dibuat melewati lembah, dari Bandara Lombok menuju Sirkuit Mandalika."
2021-11-29 10:45:26+00:00,adhikaryaID,"Selamat Senin #SobatADHI

Gimana udah sore gini, udah pada makin mumet belum? Hehe. Sabar yaa weekend tinggal 4 Hari lagi. Semangaaatt!!

Biar makin semangat, mau kasih liat nih Wisata Mandalika yang kemarin ramai dengan kegiatan WSBK nya tau World Superbike. https://t.co/gn1TSKrIMk"
2021-11-29 10:38:57+00:00,subschfess,"Sch! Tadi PAS mtk minat dan hancur bngt kayanya cuma bener 2ğŸ˜”

âœ„ãƒ»ãƒ»ãƒ»
ğŸ§ Trivia: Putri Mandalika menyeburkan diri ke laut dan menjadi cacing nyale (jenis polychaeta.)"
2021-11-29 10:27:45+00:00,tribunkaltim,"Jadwal MotoGP Terbaru: GP Indonesia dan Tes Pramusim di Sirkuit Mandalika, Kejutan dari Rider Debutan
https://t.co/vvXUCQW1UL via @tribunkaltim 

#MotoGP #mandalika #mandalikamendunia #mandalikacircuit #Quartararo #Bagnaia #ValentinoRossi"
2021-11-29 10:27:12+00:00,airone741,Asli produk indonesia #mandalika #MotoGP https://t.co/tfdkFyHA1m
2021-11-29 10:21:12+00:00,RoRimy_Setiawan,@antaranews semoga surveinya di mandalika sirkuit terbaik di dunia. Biar nyahok mereka yg pakai moment formula E untuk pencitraan.
2021-11-29 10:14:07+00:00,antarabiz,Alokasi dana pembenahan infrastruktur Sirkuit Mandalika Rp500 miliar https://t.co/jCGid4VvR0
2021-11-29 10:12:32+00:00,fajaronline,"Formula E di Jakarta, BW Ingin Berjalan Lancar Seperti WSBK Mandalika https://t.co/caQaZPuePb #BW #FormulaE"
2021-11-29 10:11:52+00:00,alifnrhddd,semoga treatment yg sedang dilakukang pemerintah ke kawasan kuta mandalika tidak menciptakan another jrx lagii... capek liat orang local hero wannabe
2021-11-29 10:11:08+00:00,harianpijar,"Datangi KPK Soal Kasus Formula E, BW: Kami Ingin Contoh Mandalika..
https://t.co/am6uJGv2T5"
2021-11-29 10:05:12+00:00,neen4noor,"Raja Salman, Media Asing Dan 1,6 M Penonton Kepincut Mandalika, Jokowi Makin Berkibar, Kadrun Ambyar!

https://t.co/yku2zXRBGt"
2021-11-29 10:04:53+00:00,FajarHi77302994,"@_ekokuntadhi Ya Harus Tolongin om Sirkuit Mandalika
pembebasan Tanah Belum DIBAYAR.
Tolongin itu om SIRKUIT MANDALIKA
Belum BAYAR Pembebasan Tanah om."
2021-11-29 10:01:11+00:00,HeruSup80445135,@Dennysiregar7 Sy yakin lebih bersih daripada mandalika....yg kebanjiran.hahahaha
2021-11-29 09:58:37+00:00,IshM73,@FerdinandHaean3 Ya sama mandalika itu bagian dari kebituhan warga. Tuh kan kesitu kan larinya. Kau sebenarnya bukan membantu pemerintah fer tapi mau menghancurkan. Kau mau bikin negara sendiri kah fer?
2021-11-29 09:52:03+00:00,hendriprabowo,@RyaWiedy Kok malah kayak preman ya?
2021-11-29 09:48:34+00:00,Bisniscom,Wisata Pura Batu Bolong di Sekitar Sirkuit MandalikaÂ  https://t.co/XHTapTYgBK
2021-11-29 09:46:32+00:00,BudiStr2,@BennyHarmanID Setelah sirkuit mandalika selesai di bangun banyak yang berharap Indonesia melahirkan pembalap kelas dunia Pak @BennyHarmanID datangi silahturahmi ke Rio Haryanto tanya perasaannya di tambah lagi rencana sirkuit formula e atau barangkali pihak yang sedang mencari lahan parkir
2021-11-29 09:43:42+00:00,mrnitmnb,Bemo lampu 3 pu balari nii bikin Bakunase sama ke di Mandalika saa
2021-11-29 09:41:52+00:00,CNNIndonesia,"Gagal di WSBK Mandalika, Bautista Ancaman Serius Toprak Musim Depan https://t.co/5dwat4YMEw"
2021-11-29 09:39:16+00:00,KantahKabBantul,"Halo #SobATRBPN Kab Bantul ğŸ™Œ

#Repost @atr_bpn
...
Halo #SobATRBPN Kawasan Ekonomi Khusus (KEK) Mandalika terwujud karena adanya pengadaan tanah yang berkualitas.

Yuk kapan kita ke Mandalika Sob!

#ATRBPNKiniLebihBaik
#ATRBPNMajudanModern
#MelayaniProfesionalTerpercaya https://t.co/cV47VSxGFF"
2021-11-29 09:39:09+00:00,jawapos,BW Ingin Formula E di Jakarta Berjalan Lancar Seperti WSBK Mandalika https://t.co/tZlbL3BMJx
2021-11-29 09:34:02+00:00,tribunpontianak,"Kalender Resmi MotoGP 2022 Lengkap Jadwal MotoGP 2022 Sirkuit Mandalika
 
https://t.co/FfydhfTuJf lewat @tribunpontianak"
2021-11-29 09:33:02+00:00,adjin_,"@musniumar Takut banget nama Anies mencuat ape begimana ini, perasaan pas WSBK di Mandalika ga pernah bahas Jokowi ğŸ˜‚"
2021-11-29 09:31:07+00:00,AngelMaximilan,"Vini Vidi Vici @jokowi
https://t.co/TjuyQWkpGI

Kabar gembira datang usai gelaran WSBK Mandalika. Pariwisata Lombok mendulang banyak keuntungan dari ajang balap tersebut."
2021-11-29 09:29:03+00:00,akunrec09153247,"Knp ke dprd gak bisa transparan?
Ngoceh aja
https://t.co/s1JvaWi1AK

BW membandingkan Formula E dengan ajang balap di Mandalika. Menurutnya penyelenggaraan Formula E juga harus sukses seperti Mandalika."
2021-11-29 09:28:21+00:00,jpnncom,Dorna Sport merilis sejumlah evaluasi pengamanan ajang IATC dan WSBK di Sirkuit Mandalika 2021. Terutama pengamanan di ring 2 #sirkuitmandalika https://t.co/bKUB2ceARC
2021-11-29 09:26:36+00:00,AngelMaximilan,"@AngelMaximilan Bagai pungguk merindukan bulan.. 
https://t.co/CWlopaOdXN

BW membandingkan Formula E dengan ajang balap di Mandalika. Menurutnya penyelenggaraan Formula E juga harus sukses seperti Mandalika."
2021-11-29 09:26:23+00:00,mawing_gosocuit,@Maya83206301 @Sudirma27952421 @aniesbaswedan @jokowi @DavidWijaya82 @__AnakKolong @_SEKNAS_RI @ChusnulCh__ Bamsoet kya ga mikir ikon Negara soal sirkuit..knp g diarahkan ke mandalika saja ??
2021-11-29 09:23:53+00:00,TaufiqH41062394,Ini sepertinya foto Kawasan Mandalika https://t.co/NqHbT3AbuD
2021-11-29 09:23:12+00:00,antaranews,"Kapolda NTB terima catatan pengamanan ATC &amp; WSBK. Apa isi catatan tersebut? #Mandalika #WSBK 

https://t.co/4rQaBnrrEf"
2021-11-29 09:19:42+00:00,KantahKabBkl,"#Repost @atr_bpn
Halo #SobATRBPN Kawasan Ekonomi Khusus (KEK) Mandalika terwujud karena adanya pengadaan tanah yang berkualitas.

Yuk kapan kita ke Mandalika Sob!

#ATRBPNKiniLebihBaik
#ATRBPNMajudanModern
#MelayaniProfesionalTerpercaya
#negaRAhadir https://t.co/KHVaErRpLz"
2021-11-29 09:19:32+00:00,hendriprabowo,@eg_nrs @Mbezz_Syalala @MercyZheng Kesamar dari paparazi.ğŸ˜
2021-11-29 09:18:25+00:00,hendriprabowo,"@kenhans03 Apapun rokoknya, jangan lupa digaris dulu. ğŸ˜‚"
2021-11-29 09:17:48+00:00,detikTravel,"Wisata Lombok Menang Banyak Gegara WSBK Mandalika, Seriusi MotoGP! https://t.co/8M6LfiVT5J"
2021-11-29 09:16:53+00:00,hahaji_dap,@RiuRizkiUtomo_ Pretttt pret pret pretttetettetty
2021-11-29 09:15:00+00:00,heartless_run,@addictedcarrot Mandalika yang ditanam di kebun belakang dan diurus seperti anak sendiri?
2021-11-29 09:13:05+00:00,Indonesia_SEZ,"Happy monday Kawan KEK!! Selamat beraktivitas dan Semangat ya dihari senin..
Itâ€™s quiz timeâ€¦.
Kawan KEK kira kira tahu tidak terinspirasi darimana ya motif batik yang ada di sirkuit mandalika?
jawab dikolom komentar yaa..
#sirkuitmandalika #WorldSBK #indonesia_sez https://t.co/3nymGeubgR"
2021-11-29 09:05:00+00:00,KompasTV,"Bermodal jutaan rupiah, komplotan â€œCopet Internasionalâ€ beroperasi di Ajang Balap Mandalika. Siapa mereka?
 
Ikuti penelusuran @aimanwitjaksono di #AIMAN malam ini pkl 20.00 WIB, eksklusif di KompasTV!
 
Streaming: https://t.co/rUTSoY7Gv2 https://t.co/HD84XxLYas"
2021-11-29 09:04:41+00:00,didienAZHAR,"Mega proyek Mandalika tidak hanya menguras hak-hak rakyat kecil, namun juga hak alam dan makhluk hidup lain, seperti halnya hak primata di hutan Pusuk. Dikatakan, pengembangan proyek Mandalika akan terus dilakukan hingga tahun 2040."
2021-11-29 09:03:48+00:00,didienAZHAR,"Mandalika Mendunia, Untuk Siapa?
https://t.co/4gfNPASPo2"
2021-11-29 08:56:52+00:00,NdasTekek,@BimaVoetra @tribunnews Bukan yg paling cocok mandalika
2021-11-29 08:53:13+00:00,Pak_ezza,"@anjasmara_ferry Formula E didorong IMI, Mandalika tanpa didorong IMI bisa Terselenggara dgn baik, Ada apa dengan IMI ? Ada Anggaran Kah, Ada Cuan Kah, Ada Apa â“"
2021-11-29 08:50:48+00:00,machbeach,Hoooe bayar lahan rakyat yg di gunakan sirkuit Mandalika .. hutang di bawa mati dipertanggung jawabkan di #pengadilanAkherat https://t.co/TuFpJvbdNc
2021-11-29 08:36:36+00:00,RKristaung,"@XDonjuanX8 @jokowi @Aryprasetyo85 @theT4ntryS1 @LibraWati5 @lettachantik @mikuroQ @MARQUEZ__93 @newIding30 @NgkongRoses @SimbokeSarah @zi_vot @dewi_darmawati @KDeddi135 @tnmuda @NinjaCir3ng @SIWE_NDARA @Speedtrap_ @my___my26 @AnggitaWiryo @r3yn4_t4 Tinton Soeprapto pun , pasti bangga jika lihat Sirkuit Mandalika"
2021-11-29 08:31:13+00:00,jonathansurbak1,Rumah Relokasi Warga Terdampak Sirkuit Mandalika Ditargetkan Rampung 2022 https://t.co/KUE9WHLrlx
2021-11-29 08:30:41+00:00,Spevk1,@AndifaizalAbd @dz4___ nanya serius nih balap mandalika emg gak ada pengecekan/tesÂ² virus nya kh?ğŸ˜‚
2021-11-29 08:25:24+00:00,kantahkotapku,"Halo #SobATRBPN Kawasan Ekonomi Khusus (KEK) Mandalika terwujud karena adanya pengadaan tanah yang berkualitas.

Yuk kapan kita ke Mandalika Sob!

#ATRBPNKiniLebihBaik
#ATRBPNMajudanModern
#MelayaniProfesionalTerpercaya
#negaRAhadir https://t.co/96sJqV5kWt"
2021-11-29 08:18:43+00:00,AtrbpnBalam,"Reposted from @kementerian.atrbpn Halo #SobATRBPN Kawasan Ekonomi Khusus (KEK) Mandalika terwujud karena adanya pengadaan tanah yang berkualitas.

Yuk kapan kita ke Mandalika Sob!

#ATRBPNKiniLebihBaik
#ATRBPNMajudanModern
#MelayaniProfesionalTerpercaya
#negaRAhadir https://t.co/mlK7SLyvLJ"
2021-11-29 08:14:25+00:00,Rubby63275173,"@tempodotco Di Balik Kemegahan Sirkuit Mandalika, Korban Gusuran Meronta karena Belum Diganti Rugi
https://t.co/vq6JNkX7nU

Maksud di nikmati itu ini ya @sandiuno ????"
2021-11-29 08:14:15+00:00,jogjacoret,"Viral Aksi Freestyle di Sirkuit Mandalika, Warga Geram https://t.co/2ySqWGhUTS"
2021-11-29 08:11:24+00:00,okkocu,bokap gue abis dr mandalika WKWKWKKWKWKWK
2021-11-29 08:10:13+00:00,okkymadasari,"Dewi Ayu Tri Anjani, anak muda NTB, melihat dari dekat dampak pembangunan proyek Mandalika. 

Mandalika Mendunia, Untuk Siapa? https://t.co/swt3wJ1AI9"
2021-11-29 08:09:52+00:00,Demosten7,Mandalika https://t.co/m7PMCAl6DP
2021-11-29 08:08:09+00:00,gosulselcom,Kalla Aspal Turut Berpartisipasi Bangun KEK Mandalika di Lombok - https://t.co/2TiOSZHF2Z https://t.co/H3EUiHHfL2
2021-11-29 08:07:39+00:00,Agus66864389,"Hayo tambah speed lagi 
#TolakReuniKadrun212 
#TolakReuniKadrun212 
#TolakReuniKadrun212 
#TolakReuniKadrun212 ...
Lambung kan seperti Mandalika... https://t.co/AU3oLPR6Wi"
2021-11-29 08:06:56+00:00,KATADATAcoid,"Menparekraf Sandiaga Uno mengatakan, ajang World Superbike (WSBK) Mandalika menciptakan efek yang besar bagi perekonomian Pulau Lombok. Tingkat okupansi hotel di sekitar sirkuit Mandalika pun mengalami peningkatan signifikan. https://t.co/LX1iTvMX7i"
2021-11-29 08:06:45+00:00,omongomongcom,"People were tricked and evicted, forests were cut down, mountains were destroyed to give way to an event mostly benefiting elites and big businesses. Days after the World Superbike in Mandalika most local people find they gain nothing but misery. 

Enjoy:
https://t.co/u4SE4sRSGR"
2021-11-29 08:05:48+00:00,tempodotco,Menteri Pariwisata dan Ekonomi Kreatif Sandiaga Uno mengklaim World Superbike 2021 di Mandalika 19-21 November lalu dinikmati semua masyarakat. https://t.co/NbjgnSU6vL #TempoBisnis
2021-11-29 08:05:41+00:00,KantahKabSkhjo,"Reposted from @kementerian.atrbpn Halo #SobATRBPN Kawasan Ekonomi Khusus (KEK) Mandalika terwujud karena adanya pengadaan tanah yang berkualitas.

Yuk kapan kita ke Mandalika Sob!

#ATRBPNKiniLebihBaik
#ATRBPNMajudanModern
#MelayaniProfesionalTerpercaya
#negaRAhadir https://t.co/Zvb2lenhHP"
2021-11-29 08:02:00+00:00,idntimes,"Beredar sebuah vunggahan video aksi freestyle dua pengendara motor berdurasi 1 menit 20 detik. Mereka berkendara lengkap menggunakan helm dan sarung tangan di trek utama Sirkuit Pertamina Mandalika.

https://t.co/eRSESSRXUV https://t.co/oXbEAdgqQw"
2021-11-29 08:01:56+00:00,hendriprabowo,@WidyoLita Saya termasuk yg mengucapkan krn saya juga selalu menerima ucapan Idul Fitri dari temen-temen yg merayakan Natal.
2021-11-29 07:57:11+00:00,kumparan,Sandiaga Uno membeberkan sejumlah dampak positif dari gelaran World Superbike (WSBK) Mandalika 2021 terhadap pariwisata dan ekonomi kreatif Indonesia. https://t.co/MdQpuiGjCP
2021-11-29 07:54:36+00:00,kompascom,"Pelaksanaan World Superbike di Mandalika, Nusa Tenggara Barat, dinilai menciptakan multiplier effect bagi perekonomian Lombok. https://t.co/m2G9YwxBoN"
2021-11-29 07:52:38+00:00,omongomongcom,"Proyek World Superbike Mandalika tidak hanya menguras hak rakyat kecil, tapi juga hak alam dan mahluk hidup lain, seperti primata hutan Pusuk. Proyek Mandalika akan lanjut hingga 2040. Hutan, bukit dan lahan mana lagi yang akan dihabis demi ambisi ini?

https://t.co/u4SE4sRSGR"
2021-11-29 07:52:19+00:00,jee_creepers,@antaranews Akhirnya hasil surveinya di mandalika
2021-11-29 07:42:43+00:00,hendriprabowo,@woerit_wae @Aryprasetyo85 Mungkin krn satu gerbong.
2021-11-29 07:36:58+00:00,hendriprabowo,@RyaWiedy Apakah aparat hukum dlm menindak korupsi anggaran hny terpaku nunggu kesimpulan BPK? Apa tdk bisa proaktif?
2021-11-29 07:36:02+00:00,KompasTravel,Tingkat Hunian Hotel di Mandalika NTB Naik hingga 95 Persen Selama World Superbike https://t.co/C3TtYVsbLc
2021-11-29 07:28:14+00:00,dytoxs_eddy,@vanishpnt mandalika
2021-11-29 07:24:03+00:00,BNurvia,@GedeSadia @aniesbaswedan Yg disepang sirkuitnya ga pke drainase ..terus ditiru disirkuit mandalika ga pke drainase akhirnya banjir...bilangin sama @jokowi perbuatan jelek dinegara lain jngn ditiru...goblok ga habis2 ya bong...
2021-11-29 07:21:44+00:00,hahaji_dap,@Lady_Zeebo Fadlizon neh
2021-11-29 07:17:12+00:00,oeratmangoen123,WOW KEREN! LUAR BIASA INI NANTI BAKAL ADA MOTO GP DI MANDALIKA! https://t.co/X0C6G9VkDy
2021-11-29 07:09:42+00:00,MandalikaCity,@FOXYGIVES Proof.. https://t.co/FesrpFl9PJ
2021-11-29 07:08:47+00:00,MandalikaCity,"@FOXYGIVES Done.
Manifesting Bigwin ğŸŒ±ğŸŒ±ğŸŒ±"
2021-11-29 07:06:10+00:00,merdekadotcom,Rumah Relokasi Warga Terdampak Sirkuit Mandalika Ditargetkan Rampung 2022 https://t.co/63w1HZmQK7
2021-11-29 07:02:15+00:00,iwanbanaran,Rider Argentina mengaku tersiksa dengan Sirkuit Mandalika !! lhooÂ ?? https://t.co/obGHGnTPYo
2021-11-29 06:57:10+00:00,_L1n_L1n__Kcl,"@bosedii @heru_hermawan06 @Jamieee474 @rokigareng @aernee @KompasTV Kadrun Ogeb
Sirkuit Mandalika adl Proyek Strategis Nasional, terintegrasi dng KEK Mandalika yg mangkrak slma 29 tahun.
Kalian bandingkn dng Formula E yg belum jelas?
Tolol."
2021-11-29 06:56:28+00:00,KompasTV,"Saksikan #AIMAN episode â€œCOPET HIGH CLASS BALAP MANDALIKAâ€ malam ini pkl 20.00 WIB, Eksklusif di Kompas TV!
 
Streaming: https://t.co/rUTSoYphmA https://t.co/yWGR2bODR3"
2021-11-29 06:53:35+00:00,KompasTV,"Sebelum bertatap muka langsung dengan jaringan pencopet ini, @AimanWitjaksono terlebih dahulu mengajak Anda untuk melihat langsung seperti apa Sirkuit Mandalika, dan lokasi para pencopet kelas tinggi ini beraksi. #AIMAN"
2021-11-29 06:52:54+00:00,MobZack,"@getih_gen1 Koq mirip motor yg uji coba di mandalika ya?? Ijo..

ğŸ˜³ğŸ™„ğŸ¤”"
2021-11-29 06:51:15+00:00,KompasTV,"Tangan-tangan cekatan namun jahat beraksi. Berbaur dengan penonton yang matanya tertuju pada para pembalap, kelompok ini malah memperhatikan orang-orang lain yang abai. Mereka mencopet barang-barang berharga yang dibawa penonton. Ya, pencopet berkeliaran di Mandalika. #AIMAN"
2021-11-29 06:49:56+00:00,voidotid,"Pemerintah Kabupaten Lombok Tengah, Nusa Tenggara Barat (NTB) menyebutkan pembangunan rumah khusus bagi warga Dusun Ujung, Desa Kuta yang terdampak pembangunan Sirkuit Mandalika Internasional ditargetkan rampung pada tahun 2022. https://t.co/VuAIUYtpBL"
2021-11-29 06:49:28+00:00,KompasTV,"Siapa sangka, dahulu kita hanya bisa memandang para pembalap kelas dunia beradu di lintasan dalam layar televisi. Namun, kita bisa berbangga sekarang. Penyelenggaraan World Super Bike 2021 (WSBK 2021) dilangsungkan di lintasan balap Mandalika, Lombok, Nusa Tenggara Barat. #AIMAN"
2021-11-29 06:48:23+00:00,atr_bpn,"Halo #SobATRBPN Kawasan Ekonomi Khusus (KEK) Mandalika terwujud karena adanya pengadaan tanah yang berkualitas.

Yuk kapan kita ke Mandalika Sob!

#ATRBPNKiniLebihBaik
#ATRBPNMajudanModern
#MelayaniProfesionalTerpercaya
#negaRAhadir https://t.co/zmoyHj3Juy"
2021-11-29 06:47:09+00:00,akuratco,"Bikin malu! Satu keluarga ini menjadi copet di Mandalika. Yuk simak fakta-faktanya!
https://t.co/ikttEVWvnK"
2021-11-29 06:45:39+00:00,antaranews,"Pembangunan rumah relokasi bagi warga terdampak Sirkuit Mandalika telah mulai dikerjakan dan ditargetkan rampung pada 2022. 
https://t.co/6QDt1xNeho"
2021-11-29 06:41:38+00:00,urhuney,@berrypopboy @AREAJULID Suttt ada yang mantau ğŸ¤«
2021-11-29 06:40:51+00:00,urhuney,"@Sundafess_ ""Nikah yu""
Semacam menikah hal yang ringan. Pacaran aja ribet"
2021-11-29 06:36:35+00:00,freshfromcoffin,"Mimpi makan bakso rusuk, terus dateng ke ultah ivan gunawan yang ternyata kosannya di kircon terus abisnya ikut demo di sirkuit mandalika pake kostum halloween ğŸ˜­ si nangkos disitu aksinya pake kostum pangeran paris dari troya ğŸ˜­
akhir2 ini mimpinya araraneh kimochi terus ğŸ˜­"
2021-11-29 06:35:30+00:00,urhuney,@berrypopboy @AREAJULID Iyaaa pura pura aja gataw akumah biar kamu reply
2021-11-29 06:27:18+00:00,urhuney,@calliya_ @nebulanadita @hrdbacot Pake air doang mungkin. Kagak nanya lagi. Soalnya dia orangnya halu ğŸ™ƒ setelah beberapa tahun kejadian itu dia beli parfum ko dan ternyata dia tidak alergi wewangian. Dia cuma ingin membuat aku diam
2021-11-29 06:20:23+00:00,urhuney,"Tapi ngarep lulus, ya aku. https://t.co/h42O9HbEUS"
2021-11-29 06:18:33+00:00,urhuney,@AREAJULID 200.000? 2021-200000 mines dong
2021-11-29 06:12:56+00:00,RizqoDsrfnt,"My Dad retiring earlier this year, and since last week till today he pursuing his own passion. Touring. With his new bike. Sampe NTB. Foto di sirkuit Mandalika. Edyaaan. Not bad for 50+ bapak bapak."
2021-11-29 06:09:34+00:00,urhuney,@jaieznm Okey followed
2021-11-29 06:00:10+00:00,Rosad76812636,@AngingMamiri26 Bukan di sirkuit bang DI STADION MANDALIKA
2021-11-29 05:56:49+00:00,ZandileClock,#FamilyMeeting #mandalika #Level1 https://t.co/5xyc0ui5GH
2021-11-29 05:51:06+00:00,urhuney,Waktu cepet banget siiii atau aku yang melambat seperti kukang
2021-11-29 05:50:10+00:00,jalmi_sengklek,@naomi_septi @sayaNIEZA_ @AremafcOfficial Saya tdk mempermasalahkan juara atau tidak. Yg jd pertanyaan saya knp sirkuit mandalika bisa pake penonton sedangkan nonton sepakbola ke stadion enggak bisa. Minggu kemarin saya ke sirkuit mandalika
2021-11-29 05:48:30+00:00,urhuney,"@nebulanadita @hrdbacot Lahh iya, pernah punya temen yang gini terus dia sadar dia bau, aku saranin kan pake parfum yang semerbak. Kata temenku dia alergi wewangian bahkan nyuci baju gapake deterjen, gapake deo dahlah skakmat"
2021-11-29 05:40:36+00:00,urhuney,@FOOD_FESS Batagorrrrr pake timun mantep. Kalau hujan enak bts
2021-11-29 05:39:19+00:00,urhuney,@FOOD_FESS Baguuuussss ğŸ¥º
2021-11-29 05:36:50+00:00,urhuney,@ohmybeautybank Pucelle G itu enak
2021-11-29 05:35:40+00:00,urhuney,@FWBESS Takut ah kalau ga gudluking ntar diturunin dijalan hiahaha
2021-11-29 05:33:34+00:00,urhuney,"Reminder banget, keknya urang gini. Oke coba deh lebih banyak diem https://t.co/0QQcODVZ7j"
2021-11-29 05:32:15+00:00,AurynDiah,@injourneyID semoga dgn adanya event ini dpt mengangkat brand image the Mandalika
2021-11-29 05:30:28+00:00,cindyan02801948,@injourneyID keren nih mandalika
2021-11-29 05:29:07+00:00,AurynDiah,@injourneyID kalau ada konser di Mandalika pasti seru nih
2021-11-29 05:26:40+00:00,CicaMahardika,@injourneyID ada juga untuk kuiner di mandalika
2021-11-29 05:26:08+00:00,decarlieracing,Mandalika circuit https://t.co/SmbUOdpiWW
2021-11-29 05:26:02+00:00,CicaMahardika,@injourneyID ini bisa jadi kawasan ekonomi khusus the mandalika loh
2021-11-29 05:25:35+00:00,mandalikao,"@psychedelic_nft @BAYC2745 I have a wl spot but interested in 1 eth ğŸ¤‘ and wl spots for my friends. try guys. Hope you all wins.
@Mandalikadewa 
@tenamarim
@madipra00"
2021-11-29 05:25:09+00:00,mandalikao,"Such a beautiful project and congratulations to the whole team and highly Appreciated the visionary thought of the projector and best wishes for the future

@tenamarim 
@madipra00 
@Mandalikadewa https://t.co/alfwWGNxNy"
2021-11-29 05:24:14+00:00,urhuney,@AREAJULID 200.000? 2021-200000 mines dong
2021-11-29 05:24:05+00:00,kumparan,"Penyelenggaraan World Superbike di Mandalika, Lombok, juga membuat pelaku pariwisata lainnya turut terdampak positif. #kumparanTRAVEL https://t.co/i7qQAGowcF"
2021-11-29 05:17:06+00:00,IDNTimesJabar,Kawasan Mandalika bukti peningkatan traffic data https://t.co/5a85D09o6a
2021-11-29 05:07:28+00:00,SatriaWardhana9,@NugiePratomo Spek 2022 om nug ? Apa spek Mandalika kemarin om ?
2021-11-29 05:01:50+00:00,a_hansmuaf,"@keuangannews_id Kalau seandainya ni formula E diadakan di Mandalika, sekjen Gerindra ni masih memprtnyakan manfaatnya gak?"
2021-11-29 05:01:06+00:00,desti_alfina,@injourneyID di mandalika juga di gelar pameran loh guys
2021-11-29 05:00:04+00:00,100kpjcom,"Sirkuit Mandalika menjadi perhatian dunia lantaran memiliki panorama indah dan memikat mata. Bahkan, media asing sampai mengibaratkan lintasan tersebut sebagai surganya balap motor.

Baca selengkapnya di https://t.co/dIxKxlnlpE
_
#100KPJ #Mandalika https://t.co/NJJKOQuiCl"
2021-11-29 05:00:01+00:00,ThePhraseID,"Ajang balap Sirkuit Mandalika dorong perputaran uang UMKM miliaran rupiah

#ThePhraseID #sirkuitmandalika #umkm

https://t.co/mrEG67veWC"
2021-11-29 04:52:41+00:00,kompascom,Kalender sementara World Superbike (WorldSBK) sudah diumumkan dengan Indonesia tetap menjadi tuan rumah melalui Sirkuit Mandalika. https://t.co/gcsmLSoO2e
2021-11-29 04:51:23+00:00,Aareuyan,@Fribadiku @KPK_RI Ketika mandalika mengelar WSBK..dia santai aja ..padahal itu skala nya nasional dan bahkan dunia..tp ketika F E..dia lsg garcep..dgn label katua IMI katanya
2021-11-29 04:48:02+00:00,KompasOtomotif,"Rencanakan Liburan dari Sekarang, Catat Jadwal WorldSBK Mandalika 2022 https://t.co/WXmmcgG9fr"
2021-11-29 04:19:06+00:00,13_trio,"Hanya Grombolan Kadrun yg nyinyir.

Media asing sebut Sirkuit Mandalika Surga Baru Dunia WSBK.
Ini baru Superbike, belum motoGP juga Formula 1. Wuiiiiiih Indonesia makin mendunia.
Apa kabar Formula E @aniesbaswedan?
https://t.co/irPeSLMwvL"
2021-11-29 04:08:53+00:00,cindyan02801948,@injourneyID dengan adanya sirkuit mandalika semoga bisa membantu perekonomian masyarakat
2021-11-29 04:08:06+00:00,OmegaF1998,"Klaster cuma berlaku Untuk Rakyat yg berbeda pendapat dengan Rejim. Mandalika dan Kunjungan Mukidi gak ada klaster giliran Sekolah dan Hari besar Umat Islam langsung dicap Klaster padahal sama2 dicap kerumunan

https://t.co/VjfTNC3GDY

#NoVaccine_NoPandemic
#NoVaccine_NoPandemic"
2021-11-29 04:07:36+00:00,desti_alfina,@injourneyID wah sirkuit mandalika pemandangan yang sangat indah
2021-11-29 04:05:52+00:00,EpiSiswa,"@BNI karena saya suka valentino rosi saya pilih 046 #BNIQuiz

apa BNI46 mau ikut iklan di mandalika besok pas tu karyawannya pada nonton pake baju topi BNI46 dikira fans rosi..."
2021-11-29 04:05:31+00:00,desti_alfina,@injourneyID sungguh keren mandalika
2021-11-29 04:04:24+00:00,Andi_Manik,"@Angga3255388588 @YusronGyumir2 @OposisiCerdas ini yang lagi ngomong, manusia atau primata yang otaknya masih terbelakang...bangun lu....minggu kemarin aja Superbike di mandalika,apa lu nggak punya TV di hutan"
2021-11-29 04:03:47+00:00,WF10051729,@marlina_idha Tanya jg apa wsbk mandalika bikin rakyat indo bahagia?
2021-11-29 04:01:00+00:00,lifetaan,"@Ariniadistia29 ke Lombok ah , mandalika wkwk"
2021-11-29 03:57:01+00:00,PT_Superteknik,"Pemasangan Pintu Rolling Door Elektrik - Sirkuit Mandalika
ğŸ“Kabupaten Lombok Tengah, Nusa Tenggara Barat- 83573

Call / Wa : 0859219239 78 / 08170809007
#rollingdooraluminium #pintuashley #superteknik #residentialdoors #jualrollingdooralumunium #rollingdooraelektrik https://t.co/GvXQxfV5dE"
2021-11-29 03:55:29+00:00,aghaarisa,"@nuedread Oleh"" Mandalika opo iki"
2021-11-29 03:54:34+00:00,GedeSadia,"@BNurvia @aniesbaswedan Banjir Di Sirkuit Mandalika Pernah Dialami Sirkuit  Misano Dan Sepang
Banjir Di Sirkuit Mandalika Pernah Dialami Sirkuit  Misano Dan Sepang"
2021-11-29 03:54:12+00:00,Aareuyan,@nusantara_one Ketika mandalika ngadaian WSBK ..dia nya ga seheboh sekarang..ngurus Formula E..
2021-11-29 03:48:34+00:00,mcflurryymatcha,"Sejak kapan sirkuit (khususnya mandalika) cuma buat cowo? Wkwkwkwk 
Gjls bgt warga tiktok"
2021-11-29 03:47:19+00:00,arifboyolali,"@Fahrihamzah Drpd yg pura pura tanam Padi...
Pasang baliho... Urusin toilet... nongol di atm.. diklat ormas kpemudaan... Liat balapn di mandalika... Liat candi.. 

.....âœˆï¸ ___ğŸ›©ï¸'''''''ğŸšÂ°Â°Â°Â°ğŸ›«```ğŸ›¬â€¢â€¢â€¢â€¢ğŸš€ manuperrrrğŸ˜"
2021-11-29 03:36:37+00:00,JandiAbu,"Kagumi Sirkuit Mandalika, Pembalap Ducati: Terima Kasih Jokowi. Vaksin Pulihkan Indonesia
https://t.co/TjRR5TcyCB"
2021-11-29 03:35:11+00:00,KurassiriL,"Kagumi Sirkuit Mandalika, Pembalap Ducati: Terima Kasih Jokowi. Vaksin Pulihkan Indonesia
https://t.co/vHHKUiDMYj"
2021-11-29 03:31:48+00:00,Wisnu_Ra80,@marlina_idha Apa Faedahnya sirkuit Mandalika bagi warga Lombok
2021-11-29 03:30:58+00:00,serambinews,"Berikut adalah Jadwal tes pramusim MotoGP 2022 di Indonesia yang akan berlangsung Februari mendatang.

Sirkuit Mandalika, NTB, dipercaya untuk menggelar sesi pramusim MotoGP 2022

https://t.co/gVBeBmZ1F9"
2021-11-29 03:29:49+00:00,samfaqot81,@AbdulhadiAlkat1 @AchmadAnnama Hahah....telat datang ke mandalika pakğŸ˜„
2021-11-29 03:26:45+00:00,Aareuyan,@RAISYAELBIX1s @KPK_RI @mprgoid Nah itu lah yg jd tanda tanya besar..waktu mandalika nyantai nyantai aja dia
2021-11-29 03:26:25+00:00,TamaraSukma,"Kagumi Sirkuit Mandalika, Pembalap Ducati: Terima Kasih Jokowi
https://t.co/kCiDavFMu4

Vaksin Pulihkan Indonesia"
2021-11-29 03:22:38+00:00,dram214,"@PigGot__ @msaid_didu Sy sih mandalika yg membuat keekonomian ntb punya masa depan cerah, Mecat Didu kaya nepuk nyamuk lah hehehe...nepuk nyamuk ko  perlu di puji, keenakan nyamuknya merasa besar namanya nyamuk yah nyamuk..kecil dan bikin gatel doang ..."
2021-11-29 03:17:59+00:00,Desto11879838,"@musniumar Otak mana otak, itu si bambsoet bandingkan dgn Mandalika yang tak kau akui sedikitpun, kenapa kau amini, mus. Lagian, kata bamsoet, 'terlanjur', berarti kepalang tangggung, duit sdh dihambur untuk ajang formula (e)mpty yang sirkuitnya saja, masih misterius, dasar gadungan lu"
2021-11-29 03:16:58+00:00,NoContextIndos,https://t.co/QJwuF9ur5k
2021-11-29 03:16:21+00:00,AkusiMakasi,"Kagumi Sirkuit Mandalika, Pembalap Ducati: Terima Kasih Jokowi. Vaksin Pulihkan Indonesia
https://t.co/taRqCDrE0m"
2021-11-29 03:14:07+00:00,fadhel_abd,@Firaun_jamannow @marlina_idha Wong penduduknya kebanjiran kok diajak menonton balapan motor di mandalika...
2021-11-29 03:10:42+00:00,tugunkri,"@detikcom Kalau di mandalika sirkuitnya permanen yg dapat menggerakkan perekonomian daerah, tp kalau fe sirkuitnya sensional stlh selesai dibongkar lagi, omongan bansut ngaco' memang nya rakyat bodoh menganalisa dampak ekonomi nya. Lebih baik rugi uang muka drpd hilang uang semua mubajir."
2021-11-29 03:08:09+00:00,Rahmad67718633,"@FerdinandHaean3 @KPK_RI Panitia dr Mandalika ga ada tuh yg audiensi ke KPK, kok yg Formula-E pengen audiensi, apa mau bagi2 fee ya"
2021-11-29 03:00:40+00:00,suarantbcom,"Homologasi MotoGP 2022, Sirkuit Mandalika akan Ditambah â€™â€™Air Fenceâ€™â€™ https://t.co/nTB0mcdnh5"
2021-11-29 02:59:03+00:00,KompasTV,"4 Fakta Komplotan Copet di Mandalika, Pernah Raup Rp200 Juta di Makau https://t.co/tqtPXDS6fu https://t.co/0CiohGonIr"
2021-11-29 02:59:02+00:00,M_Katjasungkana,"@Candraasmara85 Alasan JKT blm dikenal luas, knp biaya promonya dibebankan ke penyelenggara ?  Founder formula-E bukannya sdh dikenal dunia ? Tdk logis dan idiot. Mandalika apa dikenal dunia, apakah membebankan biaya promo kpd tuan rmh penyelenggara ratusan M rupiah ? Skandal, hrs dipidanakan"
2021-11-29 02:58:41+00:00,lippeach,@bertanyarl mandalika
2021-11-29 02:56:53+00:00,BM_Contractors,@Ragil37011124 ğŸ˜„
2021-11-29 02:56:47+00:00,Rapikan1,"Kagumi Sirkuit Mandalika, Pembalap Ducati: Terima Kasih Jokowi
https://t.co/pqtvrZFORt
Vaksin Pulihkan Indonesia"
2021-11-29 02:54:45+00:00,Bino35429999,"Kagumi Sirkuit Mandalika, Pembalap Ducati: Terima Kasih Jokowi
https://t.co/nmgXpgJwgd
Vaksin Pulihkan Indonesia"
2021-11-29 02:53:40+00:00,suarantbcom,"Mantapkan Persiapan MotoGP Mandalika 2022, Benahi Infrastruktur Pendukung dan Perluas Dampak Ekonomi https://t.co/t8wxxrd6ch"
2021-11-29 02:52:22+00:00,NoContextIndos,Yessss https://t.co/XThEAJECD3
2021-11-29 02:50:45+00:00,NataMankku,"@aniesbaswedan @Persija_Jkt Baru segini aja sdh kayak Superman ğŸ˜†ğŸ˜†,,, gmn kalo sekelas Mandalika,,,introspeksi diri lah,,,, maluğŸ˜‚ğŸ˜‚ğŸ˜‚"
2021-11-29 02:50:41+00:00,NoContextIndos,https://t.co/mHCZ8eRXg8
2021-11-29 02:49:02+00:00,Dina20366,"@KakekHalal Kagumi Sirkuit Mandalika, Pembalap Ducati: Terima Kasih Jokowi
https://t.co/oaGPu3WKoA
Vaksin Pulihkan Indonesia"
2021-11-29 02:45:46+00:00,babangdewa1,@marlina_idha Warga DKI akan bahagia jika formula E berakhir lebih baik dari Mandalika.
2021-11-29 02:38:40+00:00,meratapbintang,"Kagumi Sirkuit Mandalika, Pembalap Ducati: Terima Kasih Jokowi
============
Vaksin Pulihkan Indonesia
https://t.co/4OfIRbMZnN"
2021-11-29 02:37:35+00:00,MandalikaCity,@Wizardara @m3t4farms Done âœ”ï¸âœ”ï¸
2021-11-29 02:37:15+00:00,Bobongkong01,"Kagumi Sirkuit Mandalika, Pembalap Ducati: Terima Kasih Jokowi. Vaksin Pulihkan Indonesia
https://t.co/cRqzHtwmyz"
2021-11-29 02:36:45+00:00,MandalikaCity,@Wizardara @TodayAvalanche Done âœ…
2021-11-29 02:35:59+00:00,MandalikaCity,@taegiveaway @CrysGives Done ğŸŒŸ
2021-11-29 02:34:32+00:00,MandalikaCity,@Trickie_ Done
2021-11-29 02:33:15+00:00,perumppdID,"7. #SobatMJ yang mau nonton langsung ke Mandalika, pastinya kalian kesana naik pesawat dong. Nah #SobatMJ gak perlu bingung mau naik apa ke bandaranya, karena bus kita juga melayani rute ke bandara loh. #SobatMJ tinggal duduk manis, siapin energi buat nanti nonton #wsbkmandalika https://t.co/0QrTAhhwQQ"
2021-11-29 02:33:03+00:00,MandalikaCity,@NFTeesKing Wml https://t.co/kS7bxaZOrC
2021-11-29 02:32:21+00:00,perumppdID,"6. Oiya belum selesai nih mimin bahas fakta unik #MandalikaCircuit. Mimin lanjut bahas ya
.
Fakta selanjutnya yaitu Kawasan Sirkuit Mandalika dikelilingi destinasi wisata populer di Lombok, NTB loh. Salah satunya itu #SobatMJ bisa melihat matahari terbenam loh di Bukit Merese https://t.co/TnLBklMK0q"
2021-11-29 02:29:55+00:00,perumppdID,"4. Seru sekali ya #SobatMJ nonton balapan #wsbkmandalika , tapi daripada tegang mending kita lanjutin bahas fakta unik dari #MandalikaCircuit. Fakta selanjutnya ada Street Circuit di Sirkuit Mandalika bisa diakses oleh publik untuk beraktivitas ketika sedang tidak digunakan loh https://t.co/wgcWnqQDI7"
2021-11-29 02:27:16+00:00,kiostoto,"#kiostoto
#indohasilkeluaran
#judionline
#togelonline
#slotonline
#bocorantogel
#infotogel
#togelsingapore
#togelsydney
#togelhongkong
#bandartogelonline
#pasangtogel
#tempatpasangtogel
#tempatpasangtogelonline
#pasangtogelonline
#mandalika https://t.co/BreSSxOvdg"
2021-11-29 02:13:10+00:00,urhuney,"Merasa tersepet, terus salah urang? Kan cuma posting sesuai keinginan aja ga maksud nyepet dih males"
2021-11-29 02:12:05+00:00,urhuney,@FWBESS Passion kalikk(?)
2021-11-29 02:07:01+00:00,joentakriver,"JanganÂ² nih para pencopet dikirim buat ngerusak nama sirkuit Mandalika..

Maaf Praduga ku sahajaâœŒï¸

https://t.co/bg3yAVPm7V"
2021-11-29 02:05:49+00:00,Jajangsum127,"Kagumi Sirkuit Mandalika, Pembalap Ducati: Terima Kasih Jokowi
Vaksin Pulihkan Indonesia
https://t.co/UhfSLPZulY"
2021-11-29 02:04:34+00:00,100kpjcom,"Punya Panorama Indah, Media Asing Ibaratkan Sirkuit Mandalika Surga https://t.co/O6PMyh78dp"
2021-11-29 02:02:54+00:00,dawnformee,"Kuta Mandalika Beach, Lombok https://t.co/FYC5hodO6y"
2021-11-29 01:58:47+00:00,lindaerlina,"WSBK yang diselenggarakan di Sirkuit Mandalika sudah banyak dipuji oleh banyak pihak dari internasional. Sektor ekonomi, teknologi dan pariwisata pun ikut meningkat, bagaimana dengan sektor pendidikan?

#IndiHome #InternetnyaIndonesia #MandalikaMendunia

https://t.co/hVksFMgdJi"
2021-11-29 01:50:11+00:00,urhuney,Rudet ya pacaran pacaran teh terlibat perasaan bikin suka lupa cara mencintai diri sendiri
2021-11-29 01:49:08+00:00,urhuney,"@Sundafess_ Ya kenapa diambil pusing, bahagiain aja diri sendiri dulu. Gausah merasa bertanggung jawab bahagia dia. Just love ur self nderrr"
2021-11-29 01:40:52+00:00,urhuney,Ughhhh https://t.co/uxkFBBRpjh
2021-11-29 01:38:51+00:00,reyymalik,@bertanyarl sirkuit mandalika
2021-11-29 01:36:12+00:00,de2n_ramdhan,"@detikcom Andai Gerindra bertanya ""superbike Mandalika bikin warga bahagia?"""
2021-11-29 01:33:23+00:00,IIp_tgr,"@senopram0222 @aguscosmo @miskiy28 @Dennysiregar7 Wong yg sdh ada panitia saja berantakan contohnya mandalika,apa ngak malu loe tong, even sekelas dunia dikerjakan asal2an.krn yg ikut terlibat org2 dekatnya makanya tdk kompeten dibidangnya jd ambyar ...."
2021-11-29 01:26:10+00:00,silent_rooftop,@CNNIndonesia Kan uda punya sirkuitnya di mandalika. Jd mungkin pakpolnya sekalian cari bibit2 pembalap muda buat balapan disana.
2021-11-29 01:23:03+00:00,SolidBorneo,@tvindonesiawkwk Mereka hidup bahagia di mandalika https://t.co/sGOtdGZ8so
2021-11-29 01:22:09+00:00,TheMornin9,di paddock Mandalika.. https://t.co/qZaVqg9yH6
2021-11-29 01:20:22+00:00,YasonnaB,"Mandalika boleh kerumunan
Mukidi di Maumere boleh Kerumunan
Tapi Umat Muslim ingin silaturahmi gak boleh kerumunan

COVID UDAH DISETTING REJIM PKI UNTUK MENZALIMI UMAT ISLAM..
#212MomenPemersatuUmat 
#212MomenPemersatuUmat https://t.co/4T2m26Uo6T"
2021-11-29 01:19:48+00:00,KiAgusPriatna,"@ArnaldoAngga @TheCrea96906375 @aernee @KompasTV Klo Mandalika jelas ada sirkuitnya dan menjadi aset pemda NTB serta dapat digunakan untuk event2 balap mobil/motor setiap saat, ini jelas meningkatkan potensi perekonomian disana. Klo wan Got buang2 uang untuk FE yg gada sirkuitnya. ğŸ˜œğŸ˜›ğŸ˜"
2021-11-29 01:18:41+00:00,ARilasiTO,"@YRadianto Sirkuit Mandalika ibarat umpan pancing, ikan besarnya industri pariwisata baru. 1 Bali aja sdh memberikan income yg besar apalagi nambah Bali2 baru"
2021-11-29 01:18:07+00:00,AgamKupie,"@Pison_Yoga @PambudiTri @meitag1 @FraksiRakyatID iya,
saking kayanya timtim banyak produk mereka membanjiri indonesia.
telkomsel aja mau dibeli mereka, nanti labuan bajo, mandalika sampe bali bisa jadi akan diinvest oleh orang tim tim

puas puasss??

hahahaha"
2021-11-29 01:13:30+00:00,GalileoGilelo,"@BERKARYA_NET Bonyoknya di Mandalika.
Ngebalesinnya di Formula E.

Kalo sdh Nyemplung,..Ngga Error ya ikut Goblok."
2021-11-29 01:07:23+00:00,AhmadSahidah,"Apakah E-Formula membuat bahagia atau tidak? Saya tak mau berdebat. Konstitusi mengamanahkan pada penyelenggara untuk berbakti pada sebesar-besar kemakmuran rakyat. Cui bono? Siapa yang dapat peruntungan dari kegiatan seperti ini? Termasuk Mandalika? 

Hiburan saya adalah Rhoma!"
2021-11-29 01:03:29+00:00,urhuney,Serem dah nomor WhatsApp bisa ga aman karena apk sniper WhatsApp pro. Padahal ada tinder dll yang bisa dipake napa pake wa siii
2021-11-29 01:02:31+00:00,asasfuro,"@detikcom Mandalika, NTB, PDB mereka berapa, warga asing berapa.  Kata cebong sukses buat WSBK. 

Dengan keadaan yg amat sangat lebih baik, cebong berkata sebaliknya dg FORMULA E

ğŸ˜ğŸ¤ğŸ˜ https://t.co/Mqlc0ANNhg"
2021-11-29 01:01:40+00:00,rajadau88023942,"@detikcom Saya warga dki, mau formula e, mau mandalika ga bikin bahagia."
2021-11-29 01:00:59+00:00,infoyogya,"Sukses WSBK 2021 di Sirkuit Mandalika Lombok, Gubernur NTB: Kami Siap GelarÂ MotoGP https://t.co/nO4pCr2Ixb"
2021-11-29 00:59:13+00:00,IpungLombok,"Lagu lama... biasanya Panitia bilang rugi. 

PAD dari Event IATC-WSBK Belum Jelas - Radar Mandalika https://t.co/Bff1G17c4d"
2021-11-29 00:58:37+00:00,urhuney,@anginberisik @bdngfess Batuk ai kamu minum es wae bejakeun ka si mamah kamu
2021-11-29 00:57:44+00:00,urhuney,@DraftAnakUnpad Sarapan terbaik nangorku : Bubur Widuri lach
2021-11-29 00:54:22+00:00,Jaga_NKRI99,"@oris_ws Aamiin..semoga. bagi2 uang hibah trs sama bikin yg gak gak, tp buat rakyat gak ada.

Bikin resapan buang2 uang, jalanan bagus dirusak.
Skrg ngadain formula E di Ancol, udah rusak dan abis semuanya mau ke Ancol, pak Jokowo bikin Mandalika sampai sudah kelar acaranya diam2 aja."
2021-11-29 00:53:19+00:00,tanhananews,Pindad Perkenalkan Inovasi Motor Listrik MotoEV diÂ Mandalika https://t.co/AeHNwaMRHQ
2021-11-29 00:48:46+00:00,MerdekaRakyan,"@KompasTV Berita sensasi Mandalika tidak hanya berhenti di banjir dan balapannya, sampai copet pun ada"
2021-11-29 00:46:09+00:00,gedewahyup,"@mirtess_ Wah kalo itu bukan bidangnya gp jik. Itu bidangnya bengkel mobil modifan, tukang cuci mobil, badan penanggulangan bencana, tim SAR, pemadam kebakaran, polisi, tentara, trainer di gym, dll. Salah satu tempat yang ada semua ini nanti itu di Mandalika. Tunggu aja Mandalika e-boys."
2021-11-29 00:43:32+00:00,YRadianto,"Apapun ocehan orang, citaÂ² Jokowi menciptakan 10 ""Bali Baru"" langsung terasa di Mandalika. 

Lalu Mauluddin, salah satu pemilik penginapan di Desa Wisata Kuta, Kab. Loteng, NTB, mengalami lonjakan lebih dari 200%, selama masa pra, saat event &amp; pasca WSBK.

https://t.co/Ky4jak7MmT"
2021-11-29 00:40:34+00:00,Flyin18T,#Podcast #WSBK Paddock Pass Podcast Episode 254 â€“ WorldSBK at Mandalika https://t.co/Ctyh8i5cLL https://t.co/prCfJm4Y3b
2021-11-29 00:39:54+00:00,wayangjawatimur,@setkabgoid @jokowi Tolong selesaikan Tanah yg belum di bayar ganti ruginya di Mandalika
2021-11-29 00:32:17+00:00,MandalikaLombo2,Cuplikan My Love My Enemy Episode 8 https://t.co/vHbLPxJltk via @YouTube
2021-11-29 00:32:12+00:00,arnoldy1230,"@JulangT @_ekokuntadhi Mandalika milik Pemerintah dan Rakyat NTB,tiap tahun ada jadwal balap Formula 1 dan Moto GP dan lain2, sampe Dunia KIAMAT kaga boleh dijualğŸ˜‚ğŸ˜œğŸ˜œ"
2021-11-29 00:24:10+00:00,BobbyAndhikaX,"Sekedar info buat yang masih bangga sama sirkuit Mandalika...
Ini sirkuit Sentul yang gak jauh dari Jakarta... https://t.co/lFQ5g8G1a6"
2021-11-29 00:18:56+00:00,BentenkNKRI,"@yusuf_dumdum @tatakujiyati Nanti dibalik pertanyaannya sama kadroenz, Mmgnya Mandalika kebutuhan rakyat NTB? 
Coba aja lihat ğŸ˜‚ğŸ˜‚"
2021-11-29 00:14:58+00:00,ADJNID,"@kangdede78 @aniesbaswedan Apakah mandalika bagian dari kebutuhan rakyat Indonesia? 
Bantu jawab @kangdede78 
Jangan bacot ğŸ˜‚ğŸ˜‚"
2021-11-29 00:13:02+00:00,KompasTV,"Copet 'High Class' Mandalika, Akui Dapat Rp200 Juta https://t.co/dMry40EYTV https://t.co/Uqi9T9P1d6"
2021-11-29 00:10:19+00:00,chaatriex,"@ydp0404 Eh, pas nyoba sirkuit Mandalika paling duluan kerenÂ²an. 

#NoVaccine_NoPandemic
#NoVaccine_NoPandemic"
2021-11-29 00:10:17+00:00,urhuney,@FWBESS Spill dong tempatnyaa
2021-11-29 00:09:39+00:00,urhuney,Rambut aku kalah sama bulu kucing ğŸ˜­ https://t.co/iwuoIgEJCW
2021-11-29 00:08:26+00:00,LombokPolres,"Operasi Zebra Rinjani 2021 Polres Lombok Tengah

Anggota Satgas Ope Zebra Rinjani Polres Lombok Tengah Melaksanakan Sosialisasi Dalam Rangka Cipta Kamseltibcar Lantas Pasca WSBK Mandalika dan Menjelang Natal Tahun 2021 Serta Tahun Baru 2022 https://t.co/4q7juobTo6"
2021-11-29 00:07:33+00:00,urhuney,"@txtdarigajelas Ya pokoknya mood banget ngajak berantem pasangan kalau lagi haid, lagi kangen apalagi pengen berantem sama pasangan aja gitu"
2021-11-29 00:06:36+00:00,tribunjogja,"Pengakuan Kelompok Copet Kelas Atas yang Beraksi di Sirkuit Mandalika

https://t.co/HTtWGu9Hbb"
2021-11-29 00:04:47+00:00,urhuney,Gabut amat nderr https://t.co/YUP31HNd58
2021-11-29 00:02:26+00:00,Budi30059535,"@keuangannews_id Saya juga mau tanya ""APA MANFAAT WSBK Sirkuit Mandalika? """
2021-11-28 23:59:00+00:00,urhuney,@anginberisik Kunaon a? Lelungu keneh? :(
2021-11-28 23:57:08+00:00,Ida_Farianda,"Best Funny Moment 
Gelaran WSBK Sirkuit Mandalika  Indonesia.
Mr Bule Kameramen Kebelet Pipis ğŸ˜„ğŸ˜„

@WorldSBK
@CEVMotorcycle
@MotoGP

#PertaminaMandalikaInternationalStreetCircuit https://t.co/zAcdVMLWRd"
2021-11-28 23:53:28+00:00,WongNdesoKuper,"Nah...ayo drun komen yg keras. Dan haram meliht sirkuit Mandalika baik mlht lgsng maupin lwt tv. 

Catat itu https://t.co/Ck23R1lmKU"
2021-11-28 23:52:51+00:00,DionGenjehh,"@Dennysiregar7 Tenang aja @Dennysiregar7 anies baswedan gk bakal politisasi ini formula E dg pencitraan naik mobil yg di atur sedemikian rupa, kaya yg di mandalika ğŸ¤­"
2021-11-28 23:51:10+00:00,AaadcGelem,"@txtdaridgmbk kalau semua harus standart fia ya berat, mandalika aja kemarin baru h-1 dihomologasi, untung aja lolos. coba kalau gak lolos bisa kacau tu balap"
2021-11-28 23:50:14+00:00,andriandjaya_,"@Dennysiregar7 Org kalo sdh terdesak ngerampok berbagai cara  utk nutupin ,  mandalika adem ayem ga ribet dan sukses krna ga ada rampok nya"
2021-11-28 23:47:55+00:00,BM_Contractors,"Menerima donor darah dari pendonor yg telah divaksin covid-19, kita dpt sekaligus tervaksinasi

#PasukanSemut

HOAX bego, ngawur sekali
Masyarakat jangan terkecoh

ğŸ†™ 
@BANGSAygSUJUD
@Semut2Semut
@Ghurem2
@Rei_Dania
@theT4ntryS1
@RenaHoston178 

https://t.co/LhxXE42sF1"
2021-11-28 23:47:48+00:00,GoodStatsid,"Namun, dominasi tersebut akhirnya terhenti, setelah pembalap Pata Yamaha asal Turki, @toprak_tr54  berhasil menjuarai WSBK 2021. Menariknya, kepastian juaranya harus menunggu hingga seri terakhir di Mandalika."
2021-11-28 23:47:46+00:00,GoodStatsid,"Meski hingarnya tak semarak MotoGP, namun World Superbike atau @WorldSBK  tetap menarik untuk disimak. Lebih lagi, balapan tersebut baru saja selesai digelar di Sirkuit Mandalika, Lombok, Nusa Tenggara Barat (NTB)."
2021-11-28 23:44:04+00:00,BM_Contractors,@TeddyWoga Aminnn trimakasih bang ğŸ™
2021-11-28 23:42:26+00:00,w_i_d_h_i,@marlina_idha Yang nanya macam gitu pernah nanya soal Mandalika juga gak ?
2021-11-28 23:41:40+00:00,BM_Contractors,@Ragil37011124 Bener
2021-11-28 23:41:34+00:00,BM_Contractors,@saprol07871546 Hmm
2021-11-28 23:41:27+00:00,BM_Contractors,@Ma73958577Manis ğŸ˜„ğŸ‘
2021-11-28 23:41:16+00:00,BM_Contractors,@soepeno321 Iya
2021-11-28 23:41:10+00:00,BM_Contractors,@si_lathip Abang
2021-11-28 23:41:04+00:00,BM_Contractors,@Endriyanson ğŸ˜
2021-11-28 23:40:59+00:00,BM_Contractors,@hendri_gustaman ğŸ˜„ğŸ˜„
2021-11-28 23:40:53+00:00,BM_Contractors,@BanG_BoLoN71 Ouh ğŸ˜
2021-11-28 23:40:50+00:00,lantasresloteng,Personel Satlantas Polres Lombok Tengah bersama Instansi samping ( TNI dan Satpol PP ) melaksanakan Patroli Show Off Force dan Patroli Yustisi dalam rangka Cipta Kondisi Kamtibmas pasca event IATC dan WSBK Ops. Mandalika Rinjani 2021;Praya - By Pass BIL - Mandalika. https://t.co/ztmQFj8YCc
2021-11-28 23:40:43+00:00,BM_Contractors,@WellyFarel ğŸ˜„ğŸ˜„ğŸ˜„ğŸ‘
2021-11-28 23:40:29+00:00,BM_Contractors,@soemars61410798 ğŸ˜ğŸ‘
2021-11-28 23:40:24+00:00,BM_Contractors,@AbbaDestro1 ğŸ‘
2021-11-28 23:40:20+00:00,BM_Contractors,@LumowaS ğŸ˜
2021-11-28 23:40:14+00:00,BM_Contractors,@Saputra2129 ğŸ˜„ğŸ‘
2021-11-28 23:40:09+00:00,BM_Contractors,@bimautama77 ğŸ˜„ğŸ˜„
2021-11-28 23:40:02+00:00,BM_Contractors,@DimazPrada ğŸ˜ğŸ˜„ğŸ‘
2021-11-28 23:39:44+00:00,BM_Contractors,@usman_chelsea ğŸ˜„ğŸ‘
2021-11-28 23:39:39+00:00,BM_Contractors,@angaripin ğŸ˜ğŸ˜
2021-11-28 23:39:33+00:00,BM_Contractors,@DaudEkoyuliant1 Abang sih
2021-11-28 23:39:24+00:00,BM_Contractors,@EkoAjo8 ğŸ˜„
2021-11-28 23:39:15+00:00,BM_Contractors,@Klabangijo ğŸ˜ğŸ‘
2021-11-28 23:39:06+00:00,BM_Contractors,@jakycns11_11 ğŸ˜„ğŸ‘
2021-11-28 23:38:54+00:00,BM_Contractors,@Ediraja Eh bener
2021-11-28 23:38:43+00:00,BM_Contractors,@ArnandoFernando Wah
2021-11-28 23:38:39+00:00,BM_Contractors,@koncodewekan IyağŸ˜
2021-11-28 23:38:27+00:00,RKurniawan75,@FerdinandHaean3 yawda kalo emang mau nama Indonesia bagus di mandalika aja balapannya jgn di jakarta... yg penting jgn kasih panggung buat wan jembut...
2021-11-28 23:38:27+00:00,BM_Contractors,@himawansantoso Eaa
2021-11-28 23:38:22+00:00,BM_Contractors,@asyif_ahmad Enggaklah bang
2021-11-28 23:38:05+00:00,BM_Contractors,"@sjari_a Sekarang ujung ke ujung bang keretanya.
Dr tuen mun to wu kaisa"
2021-11-28 23:37:19+00:00,BM_Contractors,@PhilThon Pangku siapa
2021-11-28 23:37:11+00:00,BM_Contractors,@Pengemb41255385 ğŸ˜„ğŸ˜„
2021-11-28 23:37:05+00:00,BM_Contractors,@DwinantoHaryadi Wa
2021-11-28 23:36:59+00:00,BM_Contractors,@gemarku Aaa
2021-11-28 23:36:51+00:00,BM_Contractors,@PolosOfficial ğŸ˜ğŸ˜
2021-11-28 23:36:44+00:00,BM_Contractors,@arum_prabw ğŸ˜„ğŸ‘
2021-11-28 23:36:37+00:00,BM_Contractors,@stegi_stego Hu um
2021-11-28 23:36:32+00:00,BM_Contractors,@AnthoNarosa ğŸ˜ğŸ˜
2021-11-28 23:36:27+00:00,BM_Contractors,@TeddyWoga IyağŸ˜
2021-11-28 23:36:20+00:00,BM_Contractors,@Hendrik62155357 ğŸ˜ğŸ˜
2021-11-28 23:36:15+00:00,BM_Contractors,@albertdindra ğŸ˜†
2021-11-28 23:36:10+00:00,BM_Contractors,@zi_vot ğŸ˜
2021-11-28 23:36:04+00:00,BM_Contractors,@dharmayudha2018 Wuidih
2021-11-28 23:35:53+00:00,BM_Contractors,@RamotHalomoan Bener
2021-11-28 23:35:44+00:00,BM_Contractors,@Lampu_Jin ğŸ¥°
2021-11-28 23:35:38+00:00,BM_Contractors,@Tyojoss06 Iya
2021-11-28 23:35:34+00:00,BM_Contractors,@P24setyo_ Bang
2021-11-28 23:35:29+00:00,BM_Contractors,@Nkri_88 Anu
2021-11-28 23:35:23+00:00,BM_Contractors,@26Jujan Boleh
2021-11-28 23:35:16+00:00,BM_Contractors,@Yusuf33122936 ğŸ˜ğŸ˜
2021-11-28 23:35:06+00:00,BM_Contractors,@light_house99 ğŸ˜†
2021-11-28 23:35:01+00:00,BM_Contractors,@5dhany5 Bang
2021-11-28 23:34:55+00:00,BM_Contractors,@lorie_absalon ğŸ˜ğŸ˜
2021-11-28 23:34:50+00:00,BM_Contractors,@belatitumpul1 ğŸ˜
2021-11-28 23:34:37+00:00,BM_Contractors,@Elvino2016 Bukan
2021-11-28 23:34:32+00:00,BM_Contractors,@b3joku He he
2021-11-28 23:34:27+00:00,BM_Contractors,@renost789 Eh abang
2021-11-28 23:34:14+00:00,BM_Contractors,@AbuNawa48105494 Aduh to
2021-11-28 23:34:08+00:00,BM_Contractors,@MarioInferno Ouh no ğŸ˜
2021-11-28 23:34:00+00:00,BM_Contractors,@budiaero87 He he
2021-11-28 23:33:08+00:00,Ahmadalbughury,@marlina_idha Terus sirkuit Mandalika juga bisa buat rakyat NTB senang gitu @Gerindra ??? Kenyataannya masih banyak warga yang tanahnya belum dibayar tuh
2021-11-28 23:16:24+00:00,umihanif2,"@JhonPethuk @musniumar Jokowi SDH sukses bangun Mandalika , drun..tinggal nunggu MotoGP thn depan! Formula e  SDH sukses kok..sukses NEBANGI ratusan pohon2 mahal di Monas !! 
#buzzerrpMUI"
2021-11-28 22:29:48+00:00,w_i_d_h_i,@yusuf_dumdum @tatakujiyati Pengin tanya juga soal mandalika
2021-11-28 22:18:15+00:00,yann3ke,Salam fr mandalikağŸ˜ https://t.co/I9rMhKVN78
2021-11-28 21:45:50+00:00,urhuney,Untung ga nonton Persib ah kalah terus
2021-11-28 21:40:07+00:00,Lombokitacom,Perbaikan Drainase Sirkuit Mandalika Prioritas Utama Jelang MotoGP https://t.co/4fxnxb8LlR lewat @lombokitacom
2021-11-28 21:31:06+00:00,paijoruteng,"@OposisiCerdas Terbalik, Formula E bakal jadi beban politik @PDI_Perjuangan dan @psi_id setelah mandalika carut marut pdhal negara sudah all out.
ğŸ¤­"
2021-11-28 20:46:04+00:00,KoranNTBcom,"Aksi Freestyle di Sirkuit Mandalika, Begini Faktanya https://t.co/YwgBVMAsbd https://t.co/fbSDfwtoEi"
2021-11-28 20:22:45+00:00,sukmoasih_,Fred kudu diplesirna mandalika
2021-11-28 20:19:31+00:00,New_Ir_cloud,"@musniumar Lah, ngarepin Formula E yang bnyak masalah. Udah kesalip sama WSBK di Mandalika.

Tetaplah penjilat Mus... ğŸ˜‚ğŸ¤£ğŸ¤£"
2021-11-28 19:49:33+00:00,Sergei_Janbek_A,"Kagumi Mandalika, pembalap Superbike BMW optimistis tatap musimÂ baru https://t.co/VTHR2MNNkc"
2021-11-28 19:29:06+00:00,smandalika,@surya_s @lennysan Very welll said Surya!!
2021-11-28 19:22:44+00:00,mowglindo,"@_ekokuntadhi MAYORITAS penghuni Nusantara pecinta Mandalika, stelah sukses WSBK kt fokus MotoGp n F1. Ora urus proyek ambisius wanGabut @IkatanMotorID https://t.co/4AaLdvNMw5"
2021-11-28 19:06:39+00:00,mowglindo,"@Dennysiregar7 Mayoritas sdh bangga sm Mandalika,stlh sukses WSBK, RI fokus MotoGp n F1. luh gak mewakili mayoritas @IkatanMotorID soal formula ember. https://t.co/cQpw86drXq"
2021-11-28 18:54:34+00:00,KRT_WorldSBK,"On the slow down lap at the end of Race 2 in Mandalika @jonathan_rea stopped trackside and his technicians reapplied his famous number 65 to his Ninja ZX-10RR, before he made his way back to the podium ceremony. https://t.co/dOK4bizG2x"
2021-11-28 18:32:36+00:00,KoranNTBcom,"Aksi Freestyle di Sirkuit Mandalika, BeginiÂ Faktanya https://t.co/zLDaqMz3BM"
2021-11-28 18:31:33+00:00,naflanayla,seru banget tinggal di depok dari dalem rumah udah kedengeran suara motor kyk di sirkuit mandalika
2021-11-28 17:47:28+00:00,67Shakey,@charliehiscott ğŸ˜‚ğŸ˜‚ğŸ˜‚ğŸ˜‚ğŸ˜‚ it rained in Mandalika tooâ€¦ I donâ€™t see the issue ğŸ˜‚ğŸ˜‚ğŸ˜‚ğŸ˜‚
2021-11-28 17:20:51+00:00,didienAZHAR,"Legislator PDIP: Di Sirkuit Mandalika Tidak Ada Genangan, Tapi Penyelenggara Tetap Tidak Mau Ambil Risiko
https://t.co/hYV9agMpWt"
2021-11-28 17:20:23+00:00,MuhadjirM,"Memang tidak semuanya berjalan lancar.
Tapi tidak ada kecelakaan serius juga yang terjadi di Sirkuit Mandalika ini.
Keluhan dari tim dan pembalap hampir tidak terdengar, justru sebaliknya kebanyakan dari mereka jatuh cinta dengan surganya Lombok https://t.co/Ut8z5dqgvk"
2021-11-28 17:17:55+00:00,Doni_Latuperisa,@Defin79695427 @detikcom Iya kek mandalika sampai ganti rugi belum di bayar2
2021-11-28 17:15:18+00:00,Lipton997222921,"@Aryprasetyo85 Indonesia tanpa formula E itu uda bagus namanya...itu Mandalika, belum lagi motoGP.
Yg mungkin nanti bikin Indonesia jelek yah, mungkin nanti Formula EğŸ¤·â€â™‚ï¸"
2021-11-28 17:15:00+00:00,RadioElshinta,"Mandalika International Circuit di Mata Dunia

Bersama Ketua Panitia Pelaksana WorldSBK Indonesia sekaligus Wakil Ketua Umum International Event IMI - Happy Kurniawan Harinto

https://t.co/KQ3g8pHOJO"
2021-11-28 17:13:03+00:00,VIVAcoid,Viral Freestyle Motor di Sirkuit Mandalika https://t.co/jkpZ6gkCcX #trending
2021-11-28 16:58:18+00:00,Pejuang_Jokowi,@telkomindonesia melayani infrastruktur telekomunikasi yang maksimal di WSBK Mandalika. https://t.co/SSxOZfyDy2
2021-11-28 16:56:55+00:00,Petarung_NKRI,@telkomindonesia melayani infrastruktur telekomunikasi yang maksimal di WSBK Mandalika. https://t.co/wVjkcFqXvL
2021-11-28 16:50:21+00:00,Pengawal_Jokowi,@telkomindonesia melayani infrastruktur telekomunikasi yang maksimal di WSBK Mandalika. https://t.co/IsyAmuCXC0
2021-11-28 16:49:41+00:00,hudattamini,"@alextham878 Goblok loe Bamsoet ...... Indonesia sudah punya Sirkuit MotoGP Mandalika yang Megah dan DIAKUI DUNIA ....!!! Indonesia Tidak Butuh Balap Formula E karena memang merugi terus ..... Bang jangan kamu Halu mau Sukses .... Dana 1,3 T saja gaib entah kemana ...ğŸ˜¾ğŸ˜¾"
2021-11-28 16:45:35+00:00,IwanD14060178,@KompasTV Sama juga superbike di mandalika apakah sesuai dng kebutuhan masyarakat setempat
2021-11-28 16:45:07+00:00,Rudy_Erka,"@orghayy @KompasTV Kalo lo gal punya duit ya jangan bermimpi dtg ke sirkuit Mandalika utk menyaksikan event2 superbike atau motogp, cukup dr tv aja deh. Yg pasti warga NTB khususnya di lombok tengah sdh menikmati dampak positifnya."
2021-11-28 16:45:04+00:00,Nasi74273597,@kangdede78 @aniesbaswedan Itu gmn  sirkuit mandalika apa sesuai dg kebutuhan rakyatğŸ¤£ğŸ¤£ğŸ¤£
2021-11-28 16:40:00+00:00,aLy_Bima,"Semua orang sudah setuju semua tetiba kader @Gerindra ini nanya, coba saya nanya balik apa manfaat sirkuit mandalika? https://t.co/cQ7nfQ6P2Z"
2021-11-28 16:36:42+00:00,soocandy_,@bertanyarl Surkuit mandalika
2021-11-28 16:34:54+00:00,RKornusa,"@hudattamini @Aryprasetyo85 @jokowi FORMULA E TIDAK ADA MANFAATNYA BAGI BANGSA INDONESIA. MANDALIKA SUDAH CUKUP. DAN MANDALIKA TIDAK MEMAKAN BIAYA 1,3 T HANYA UNTUK FEE. TOLONG PEJABAT YANG TERKAIT JANGAN GOBLOK.ğŸ˜ ğŸ˜ ğŸ˜ ğŸ˜ ğŸ˜ ğŸ˜ "
2021-11-28 16:32:23+00:00,Maya83206301,"Wan abud bnyk jubirnya ,klo Formula E jelek yg jelek nm siapa pak ? akhirnya tdk sukses jd jelekkan nm @aniesbaswedan,  Pak @jokowi prioritaskan Mandalika pak semua balapan International bakal di sana 

@DavidWijaya82 
@__AnakKolong 
@_SEKNAS_RI 
@ChusnulCh__ https://t.co/LwiIwHfXXM"
2021-11-28 16:23:59+00:00,hudattamini,"Venue dan sirkuit MotoGP Mandalika hanya 1,1 T megah dan mewahnya Luar biasa ...... Ini Formula E sdh menghabiskan 1,3 T dan 190 pohon Mahoni lenyap tanpa berita ..... Malah lebih heboh lagi Seorang Ketua MPR mau jadi bawahannya Anies di Formula E ..ğŸ˜›ğŸ˜ https://t.co/tfLifNf2sb"
2021-11-28 16:17:07+00:00,senopram0222,"@aguscosmo @miskiy28 @Dennysiregar7 Pakde Jkw : Mas Bamsut, itu temanya mbok dibantu..
Jangan sp bikin malu negeri. 
Ini khan Balapan tamiya, susahnya dimana sih

Pak Bamsut : siap laksanakan 

Pak Jkw : Sip Mas, sy bisa fokus atur urusan yg lebih besar dan siapin GP 2022 di Mandalika"
2021-11-28 16:12:25+00:00,BocaBauKencur,"@pengarang_sajak Selaen di Sumbar, cuci otak PKS dan HTI juga ude berhasil mempengaruhi mayoritas warga NTB, meskipun ude dibangun kawasan ekonomi dan sirkuit Motogp di Mandalika, tapi boleh dicek klo mayoritas orang NTB masih tetap membenci Jokowi. Seribu kebaikan kalah dengan hoax dan kebencian"
2021-11-28 16:12:05+00:00,S3fnatS,"@YRadianto @Galih_Akek2 Siapa dulu dong PRESIDENNYA PAKDE @jokowi &amp;PERTAMINA.
SIRKUIT MANDALIKA NKRI YESSSSS"
2021-11-28 16:12:02+00:00,ych_man,@__Sridiana_3va Semoga â€œKeajaiban PONâ€ sebagaimana â€œKeajaibanâ€œ pilkada â€œKeajaibanâ€œ kunjungan pejabat dan â€œKeajaibanâ€œ WSB Mandalika  juga melindungi kita semua disetiap kerumunan yg mmg perluâ€¦.
2021-11-28 16:11:28+00:00,yo_0505,@ooonooot @yusuf_dumdum_ @__AnakKolong @nak_Negeri @FerdinandHaean3 @ChusnulCh__ jalur formula e pake sumur resapan ga? ato ikutin mandalika dengan drainase kelas dunia..
2021-11-28 16:01:38+00:00,heru_juanda,"@SantorinisSun dan Jokowi mencoba membuat destinasi wisata selain bali juga, seperti mandalika sdh mulai berhasil membuka mata publik internasional"
2021-11-28 16:00:50+00:00,firman__nurhuda,"Formula E sama halnya Moto Gp manfaatnya sama , @Gerindra Gak berdampak pada keuangan warga.

Tetapi ekonomi disekitarnya bangkit , nyatanya saat WSBK diadakan banyak pedagang disekitar mandalika berjualan. https://t.co/ZvrwaDB410"
2021-11-28 15:53:50+00:00,AlexMsiagian,"@03__nakula Mandalika MotoGPâ„¢ Official Test
11 Feb - 13 Feb
https://t.co/8Yr6USo4Ie"
2021-11-28 15:51:43+00:00,nofaria_cen,@alextham878 Udah ada Mandalika noh... Dipakai ajang event internasional.
2021-11-28 15:49:42+00:00,AlexMsiagian,"@Utara99912 @__AnakKolong @Leonita_Lestari @RyaWiedy @Aryprasetyo85 Mandalika MotoGPâ„¢ Official Test
11 Feb - 13 Feb
https://t.co/8Yr6USo4Ie"
2021-11-28 15:48:26+00:00,AlexMsiagian,"@sami86pilang Mandalika MotoGPâ„¢ Official Test
11 Feb - 13 Feb
https://t.co/8Yr6USo4Ie"
2021-11-28 15:44:46+00:00,rhrdjo_,"OC Formula E itu Bamsoet &amp; AS, mereka kan ketua dan Sekjend IMI. Benar kalau mereka politisi, tapi peran mereka dari IMI.

Btw ada Pak Irawan, gaek nya sirkuit Sentul &amp; Mandalika loh~"
2021-11-28 15:42:04+00:00,antaranews,"Kagumi Mandalika, pembalap Superbike BMW optimistis tatap musim baru https://t.co/Q06HeuR66C"
2021-11-28 15:41:43+00:00,KITAJokowi_Xyz,@bungfrankz Kapan menanamnya ya? Lapangan standar International FIFA ? Kok hanya spt itu ya ? Mungkin apa krn rumputnya mendatangkan langsung rumput sintetis dari london? Eh gak mau kalah dg asphalt di Mandalika ya?
2021-11-28 15:41:19+00:00,AlexMsiagian,"Mandalika MotoGPâ„¢ Official Test
11 Feb - 13 Feb
https://t.co/8Yr6USo4Ie"
2021-11-28 15:38:20+00:00,Umiyati70812108,"@__Sridiana_3va @Gojekmilitan Maasyaa Allah...Masa berkerumun di Mandalika baru baru ini di ijinkan , tapi giliran Reuni Ulama dan ummat Islam 212 , tidak di ijinkan ??? Adilkah ???"
2021-11-28 15:37:45+00:00,amattamrin86,@TnSalty @hendrarprihadi @casythajateng Semoga Semarang punya sircuit kayak mandalika
2021-11-28 15:36:26+00:00,parwatyRizky,"@kangdede78 Kadrun bertanya

Apa manfaat sirkuit mandalika untuk rakyatğŸ˜œ"
2021-11-28 15:34:31+00:00,sridewiindriani,@babyavocuddle Pas lewat mandalika tiati ya awas kepleset
2021-11-28 15:32:47+00:00,fazilakbar1,@idextratime Pawang mandalika harus studi banding ke pawang stampor brid
2021-11-28 15:29:31+00:00,masnafiss,"@MafiaWasit Kalem ae mak nek misuh, iki dudu Mandalika https://t.co/7sCSlnqLvV"
2021-11-28 15:25:28+00:00,AryKhang,@jek___ @rmdhan____ Stadion mandalika bukan tad? Yg kata ny beda sama stadion jisğŸ¤­ğŸ¤­
